Workbook

Sheet Changes Historic
A1: Date | B1: Modified WP/Task | C1: NAME WP/Task/MI | D1: Change | E1: Summary of modification | F1: #New Version
A2: 44118 | B2: W. 3.2 | C2: Mold manufacturing | D2: Responsible | E2: Mock information | F2: Mock code 1
A3: 44131 | B3: W. 3.2 | C3: Mold manufacturing | D3: How to do | E3: Mock information | F3: Mock code 2
A4: 44153 | B4: WP 2.1 | C4: Product definition | D4: How to do | E4: Mock information | F4: Mock code 3
A5: 44180 | B5: WP 2.3 | C5: Confirm Logistics feasibility | D5: How to do | E5: Mock information | F5: Mock code 4
A6: 44180 | B6: WP 4.2 | C6: Logistics preparation | D6: How to do | E6: Mock information | F6: Mock code 5
A7: 44210 | B7: WP 4.1 | C7: Product verification | D7: How to do | E7: Mock information | F7: Mock code 6
A8: 44210 | B8: WP 4.1 | C8: Product improvement | D8: How to do | E8: Mock information | F8: Mock code 7
A9: 44214 | B9: M1 and M2 | C9: M1 | D9: How to do | E9: Mock information | F9: Mock code 8
A10: 44214 | B10: WP 3.1 | C10: Purchase components | D10: How to do | E10: Mock information | F10: Mock code 9
A11: 44221 | B11: WP 1.1 | C11: Prepare preliminary project data and targets | D11: Output | E11: Mock information | F11: Mock code 10
A12: 44222 | B12: WP4.2. | C12: IS & PPAP Submission OS | D12: How to do | E12: Mock information | F12: Mock code 11
A13: 44245 | B13: WP 3.1 | C13: Purchase mass production packaging | D13: Name of WP + How to do + Output | E13: Mock information | F13: Mock code 12
... A46: 44467 | B46: WP 2.3 | C46: Confirm Draft Mass Production Packaging | D46: how to do | E46: Mock information | F46: Mock code 45
A47: 44473 | B47: WP 2.3 | C47: Workshop to agree on Product/Process Design | E47: Mock information | F47: Mock code 46
A48: 44476 | B48: WP 4.1 | C48: Product verification | D48: How to do | E48: Mock information | F48: Mock code 47
A49: 44482 | B49: WP 2.2 | C49: Confirm the process meets requirements | D49: all task | E49: Mock information | F49: Mock code 48
A50: 44482 | B50: WP 2.2 | C50: Launch Control plan | D50: added task | E50: Mock information | F50: Mock code 49
A51: 44502 | B51: WP 2.2 | C51: Launch Control plan | D51: how to do | E51: Mock information | F51: Mock code 50
A52: 44522 | B52: M2 | C52: Investmenet agreement | D52: How to do | E52: Mock information | F52: Mock code 51
A53: 44580 | B53: WP. 2.1 | C53: Confirm material feasibility | D53: Output | E53: Mock information | F53: Mock code 52
A54: 44581 | B54: WP 4.1 | C54: Delivieries in preserial phase | D54: how to do | E54: Mock information | F54: Mock code 53
A55: 44594 | B55: WP4.1 | C55: IS & PPAP Submission OS | D55: how to do | E55: Mock information | F55: Mock code 54
A56: 44622 | B56: WP 2.1 | C56: Style frozen | D56: How to do | E56: Mock information | F56: Mock code 55
A57: 44623 | B57: several | C57: several | D57: several | E57: Mock information | F57: Mock code 56
A58: 44628 | B58: WP 4.1 | C58: Product Verification | D58: how to do | E58: Mock information | F58: Mock code 57
A59: 44628 | B59: WP 3.1 | C59: Get Purchasing quotation&nomination | D59: Support/Attendees | E59: Mock information | F59: Mock code 58
... A68: 44753 | B68: WP 4.1 | C68: Logistics preparation | D68: output | E68: Mock information | F68: Mock code 67
A69: 44851 | B69: WP 2.2 Elaboration of specific technical conditions for equipments and RFQ's | D69: How to do / output | E69: Mock information | F69: Mock code 68
A70: 17/10/20220 | B70: WP 2.1 | C70: Assign moldmaker for feasibility | D70: Task deleted | E70: Mock information | F70: Mock code 69
A71: 17/10/20220 | B71: WP 2.1 | C71: Mould feasibility | D71: Task deleted | E71: Mock information | F71: Mock code 70
A72: 44868 | B72: WP 2.3 | C72: Process FMEA | D72: How to do | E72: Mock information | F72: Mock code 71
A73: 44873 | B73: M4 | C73: Mass production agreement | D73: How to do | E73: Mock information | F73: Mock code 72
A74: 44873 | B74: M5 | C74: Project evaluation and closing | D74: How to do | E74: Mock information | F74: Mock code 73
A75: 44900 | B75: WP 4.1 | C75: Validate mass production packaging | D75: How to do | E75: Mock information | F75: Mock code 74
A76: 44571 | B76: M4 | C76: Mass production agreement | D76: HOW TO DO | E76: Mock information | F76: Mock code 75
A77: 44571 | B77: WP 3.1 | C77: Purchase components | D77: how to do | E77: Mock information | F77: Mock code 76
A78: 44937 | B78: several | C78: several | D78: Output | E78: Mock information | F78: Mock code 77
A79: 44938 | B79: WP 4.1 | C79: Process verification & improvement | D79: Output | E79: Mock information | F79: Mock code 78
A80: 44938 | B80: WP 4.1 | C80: IS & PPAP Submission | D80: how to do | E80: Mock information | F80: Mock code 79
A81: 44938 | B81: M1 | C81: Reference Projects | D81: how to do | E81: Mock information | F81: Mock code 80
A82: 2701/2023 | B82: 2.1 | C82: DFMEA and related activities | D82: How to do | E82: Mock information | F82: Mock code 81
A83: 44992 | B83: M4 | C83: Mass production agreement | D83: how to do | E83: Mock information | F83: Mock code 82
A84: 44993 | B84: WP 4.1 | C84: Production Trial Run | D84: How to do | E84: Mock information | F84: Mock code 83
A85: 44993 | B85: WP 4.1 | C85: Process verification & improvement | D85: how to do | E85: Mock information | F85: Mock code 84
A86: 45106 | B86: WP 2.3 | C86: Confirm Regulations, Laws and Special Customer Characteristics | D86: Responsible | E86: Mock information | F86: Mock code 85
A87: 45106 | B87: WP 2.3 | C87: Confirm Regulations, Laws and Special Customer Characteristics | D87: How to do | E87: Mock information | F87: Mock code 86
A88: 45176 | B88: Legend | C88: New role | D88: SQKC | E88: Mock information | F88: Mock code 87
A89: 45176 | B89: M1 | C89: M1 Agreement | D89: how to do | E89: Mock information | F89: Mock code 88
A90: 45245 | B90: WP 4.1 | C90: IS & PPAP Submission | D90: how to do | E90: Mock information | F90: Mock code 89
A91: 45320 | B91: WP 5.1 | C91: Mass production agreement | D91: how to do | E91: Mock information | F91: Mock code 90
A92: 45331 | B92: WP 5.1 | C92: Mass production agreement | D92: Objective | E92: Mock information | F92: Mock code 91
A93: 45331 | B93: M4 | C93: Mass production agreement | D93: Objective | E93: Mock information | F93: Mock code 92
A94: 45331 | B94: M1 | C94: Project Kick-off | D94: Signatures | E94: Mock information | F94: Mock code 93
... A162: 45992 | B162: WP 4.1 | C162: process verification and improvements | D162: how to do | E162: Mock information | F162: Mock code 161

Sheet Legend
A1: Abbr. / Color | B1: Meaning
B2: Phase 1
B3: Phase 2
B4: Phase 3
B5: Phase 4
B6: Phase 5
A7: Mock abbr. 1 | B7: Mock meaning 1
A8: Mock abbr. 2 | B8: Mock meaning 2
A9: Mock abbr. 3 | B9: Mock meaning 3
A10: Mock abbr. 4 | B10: Mock meaning 4
A11: Mock abbr. 5 | B11: Mock meaning 5
A12: Mock abbr. 6 | B12: Mock meaning 6
A13: Mock abbr. 7 | B13: Mock meaning 7
A14: Mock abbr. 8 | B14: Mock meaning 8
A15: Mock abbr. 9 | B15: Mock meaning 9
A16: Mock abbr. 10 | B16: Mock meaning 10
A17: Mock abbr. 11 | B17: Mock meaning 11
A18: Mock abbr. 12 | B18: Mock meaning 12
... A50: Mock abbr. 44 | B50: Mock meaning 44

Sheet Instr. template
A1: Task | B1: Verb+Direct Object
A2: Objective | B2: Goal or benefit
A3: Input | B3: Documents and location
A4: Responsible | B4: This person is the responsible to this task. A person who has enough capability: technical, action and decision. This person must close the task in ZITA (Task manager". He/She could ask for support to the defined people in "Support" field.
A5: Support/Attendees | B5: People that may participate and help on the execution/In the tasks that it is need a meeting these roles are the attendees.
A6: How to do | B6: List of acction. Recomendation: verb+Direct Object+ tools that have to be used. Identify loops.
A7: Assessment | B7: Requiered conditions to close the task.
A8: Output | B8: Records or files and location/folder to store the documentation in PDM (Project Data Managment).
A9: Signatures | B9: In case of the output document requires signatures: 1. Digital signatures in PDM: "Name Document" +List of the roles that should sign this document 2. Signatures in PDF: signature of the responsible of the document in the PDF file
A10: Special cases | B10: Defined roles may allowed a deviation in "How to do".
A11: Version number | B11: YYYYMMDD VXXX

Sheet HOW TO USE DOCUMENT
A6: # | B6: SHEET NAMES | C6: COMMENTS
A7: 1 | B7: Changes Historic | C7: List of the main changes in the DOCUMENT instructions
A8: 2 | B8: Legend | C8: Abbreviations and color used and the meaning
A9: 3 | B9: Instr. Template | C9: Explanation of the template that is used for the instructions
A10: 4 | B10: Extra information | C10: Extra information of the instructions: example: "Trial management"
A11: 5 | B11: HOW TO USE WBS EXCEL | C11: This sheet with the explanation of every sheet of this file
A12: 6 | B12: EQUIVALENCES | C12: Summary of the main equivalences between the previous Project Workflow and the new document.
A13: 7 | B13: PDM Structure | C13: Summary of the PDM structure: folders, subfolders and documents
A14: 6 | B14: WBS DEF | C14: Working Breakdown Structure
A15: 7 | B15: WP's&M's REVIEW | C15: Summary of the Working Packging (WP's), Milestones (MI's) and tasks that are defined in the document. Double click in the abbreviation in "column I" to go directly to the corresponding sheet of the estándar/instruction. All the WP Sheets and Instrucctions are linked to this sheet: "WP's&M's REVIEW" (click the yelow rectangle)
A16: 8 | B16: "WPX.Y. (X=Phase and Y=correlative number of the WP) + "Abbreviation of the achievement" | C16: Working Package In each WP there is the corresponding diagram. The colour of each sheet depends on the project phase.
A17: 9 | B17: Abbreviation of the achievement | C17: Correnponding sheeet of the instruction. The colour of each sheet depends on the project phase.
A18: 10 | B18: MX.(X=Phase)+ "Abbreviation of the achievement" | C18: Instruction of each Milestone. The colour of each sheet depends on the project phase.

Sheet EQUIVALENCES
B1: Phase 1 | C1: Phase 2 | D1: Phase 3 | E1: Phase 4 | F1: Phase 5
A2: Old system | B2: TR0 | C2: TR1 | D2: TR2 | E2: TR3 + TR4 | F2: TR4 + TR5
A3: New WBS: MILESTONE OR TASK | B3: M1 | C3: M2 | D3: Corrections and adjustments and transfer go-ahead | E3: IS PPAP doc + M4 | F3: Update and file LLC + M5
A4: New WBS: signatures required in PDM | C4: Mock signature members 1 | D4: Mock signature members 2 | E4: Mock signature members 3 | F4: Mock signature members 4

Sheet EQU ZANINI&CUSTOMERS
B1: CUSTOMER EQUIVALENCES
A2: Company | B2: Customer 1 | C2: Customer 2 | D2: Customer 3 | E2: Customer 4 | F2: Customer 5 | G2: Customer 6 | H2: Customer 7 | I2: Customer 8 | J2: Customer 9 | K2: Customer 10 | L2: Customer 11
A3: M1 Project Kick-off | B3: Mock customer 1 code 1 | C3: Mock customer 2 code 1 | D3: Mock customer 3 code 1 | E3: Mock customer 4 code 1 | F3: Mock customer 5 code 1 | G3: Mock customer 6 code 1 | H3: Mock customer 7 code 1 | I3: Mock customer 8 code 1 | J3: Mock customer 9 code 1 | K3: Mock customer 10 code 1 | L3: Mock customer 11 code 1
A4: M2 Invesment agreement | B4: Mock customer 1 code 2 | C4: Mock customer 2 code 2 | D4: Mock customer 3 code 2 | E4: Mock customer 4 code 2 | F4: Mock customer 5 code 2 | G4: Mock customer 6 code 2 | H4: Mock customer 7 code 2 | I4: Mock customer 8 code 2 | J4: Mock customer 9 code 2 | K4: Mock customer 10 code 2 | L4: Mock customer 11 code 2
A5: Client approval (3D + drawing) | B5: Mock customer 1 code 3 | C5: Mock customer 2 code 3 | D5: Mock customer 3 code 3 | E5: Mock customer 4 code 3 | F5: Mock customer 5 code 3 | G5: Mock customer 6 code 3 | H5: Mock customer 7 code 3 | I5: Mock customer 8 code 3 | J5: Mock customer 9 code 3 | K5: Mock customer 10 code 3 | L5: Mock customer 11 code 3
A6: Corrections and adjustments and transfer go-ahead | B6: Mock customer 1 code 4 | C6: Mock customer 2 code 4 | D6: Mock customer 3 code 4 | E6: Mock customer 4 code 4 | F6: Mock customer 5 code 4 | G6: Mock customer 6 code 4 | H6: Mock customer 7 code 4 | I6: Mock customer 8 code 4 | J6: Mock customer 9 code 4 | K6: Mock customer 10 code 4 | L6: Mock customer 11 code 4
A7: IS & PPAP Submission | B7: Mock customer 1 code 5 | C7: Mock customer 2 code 5 | D7: Mock customer 3 code 5 | E7: Mock customer 4 code 5 | F7: Mock customer 5 code 5 | G7: Mock customer 6 code 5 | H7: Mock customer 7 code 5 | I7: Mock customer 8 code 5 | J7: Mock customer 9 code 5 | K7: Mock customer 10 code 5 | L7: Mock customer 11 code 5
A8: Vehicle Builds Shipments OT | B8: Mock customer 1 code 6 | C8: Mock customer 2 code 6 | D8: Mock customer 3 code 6 | E8: Mock customer 4 code 6 | F8: Mock customer 5 code 6 | G8: Mock customer 6 code 6 | H8: Mock customer 7 code 6 | I8: Mock customer 8 code 6 | J8: Mock customer 9 code 6 | K8: Mock customer 10 code 6 | L8: Mock customer 11 code 6
A9: Vehicle Builds Shipments OS | B9: Mock customer 1 code 7 | C9: Mock customer 2 code 7 | D9: Mock customer 3 code 7 | E9: Mock customer 4 code 7 | F9: Mock customer 5 code 7 | G9: Mock customer 6 code 7 | H9: Mock customer 7 code 7 | I9: Mock customer 8 code 7 | J9: Mock customer 9 code 7 | K9: Mock customer 10 code 7 | L9: Mock customer 11 code 7
A10: SOP | B10: Mock customer 1 code 8 | C10: Mock customer 2 code 8 | D10: Mock customer 3 code 8 | E10: Mock customer 4 code 8 | F10: Mock customer 5 code 8 | G10: Mock customer 6 code 8 | H10: Mock customer 7 code 8 | I10: Mock customer 8 code 8 | J10: Mock customer 9 code 8 | K10: Mock customer 10 code 8 | L10: Mock customer 11 code 8
A11: Production Trial Run | B11: Mock customer 1 code 9 | C11: Mock customer 2 code 9 | D11: Mock customer 3 code 9 | E11: Mock customer 4 code 9 | F11: Mock customer 5 code 9 | G11: Mock customer 6 code 9 | H11: Mock customer 7 code 9 | I11: Mock customer 8 code 9 | J11: Mock customer 9 code 9 | K11: Mock customer 10 code 9 | L11: Mock customer 11 code 9
A12: Define Validation Plan | B12: Mock customer 1 code 10 | C12: Mock customer 2 code 10 | D12: Mock customer 3 code 10 | E12: Mock customer 4 code 10 | F12: Mock customer 5 code 10 | G12: Mock customer 6 code 10 | H12: Mock customer 7 code 10 | I12: Mock customer 8 code 10 | J12: Mock customer 9 code 10 | K12: Mock customer 10 code 10 | L12: Mock customer 11 code 10

Sheet PDM Structure
A1: FOLDER | B1: SUBFOLDER | C1: DOCUMENTATION IN PDM | D1: COMMENTS
A2: 00A Project Management | C2: - | D2: -
B3: Mock info subfolder 1 | C3: Mock documentation in PDM 1 | D3: Comments 1
B4: Mock info subfolder 2 | C4: Mock documentation in PDM 2 | D4: Comments 2
B5: Mock info subfolder 3 | C5: Mock documentation in PDM 3 | D5: Comments 3
B6: Mock info subfolder 4 | C6: Mock documentation in PDM 4 | D6: Comments 4
A7: 00B Quotation
B8: Mock info subfolder 5 | C8: Mock documentation in PDM 5 | D8: Comments 5
B9: Mock info subfolder 6 | C9: Mock documentation in PDM 6 | D9: Comments 6
B10: Mock info subfolder 7 | C10: Mock documentation in PDM 7 | D10: Comments 7
A11: 00C Cross-phase documents
B12: Mock info subfolder 8 | C12: Mock documentation in PDM 8 | D12: Comments 8
B13: Mock info subfolder 9 | C13: Mock documentation in PDM 9 | D13: Comments 9
B14: Mock info subfolder 10 | C14: Mock documentation in PDM 10 | D14: Comments 10
B15: Mock info subfolder 11 | C15: Mock documentation in PDM 11 | D15: Comments 11
B16: Mock info subfolder 12 | C16: Mock documentation in PDM 12 | D16: Comments 12
B17: Mock info subfolder 13 | C17: Mock documentation in PDM 13 | D17: Comments 13
B18: Mock info subfolder 14 | C18: Mock documentation in PDM 14 | D18: Comments 14
B19: Mock info subfolder 15 | C19: Mock documentation in PDM 15 | D19: Comments 15
B20: Mock info subfolder 16 | C20: Mock documentation in PDM 16 | D20: Comments 16
B21: Mock info subfolder 17 | C21: Mock documentation in PDM 17 | D21: Comments 17
B22: Mock info subfolder 18 | C22: Mock documentation in PDM 18 | D22: Comments 18
B23: Mock info subfolder 19 | C23: Mock documentation in PDM 19 | D23: Comments 19
B24: Mock info subfolder 20 | C24: Mock documentation in PDM 20 | D24: Comments 20
A25: 01 Project kick-off | C25: M1: Project kick-off agreement file: milestone summary report
A26: 02 WP 2.0 Proto tool phase
B27: Mock info subfolder 21 | C27: Mock documentation in PDM 21 | D27: Comments 21
B28: Mock info subfolder 22 | C28: Mock documentation in PDM 22 | D28: Comments 22
B29: Mock info subfolder 23 | C29: Mock documentation in PDM 23 | D29: Comments 23
B30: Mock info subfolder 24 | C30: Mock documentation in PDM 24 | D30: Comments 24
B31: Mock info subfolder 25 | C31: Mock documentation in PDM 25 | D31: Comments 25
B32: Mock info subfolder 26 | C32: Mock documentation in PDM 26 | D32: Comments 26
B33: Mock info subfolder 27 | C33: Mock documentation in PDM 27 | D33: Comments 27
B34: Mock info subfolder 28 | C34: Mock documentation in PDM 28 | D34: Comments 28
B35: Mock info subfolder 29 | C35: Mock documentation in PDM 29 | D35: Comments 29
B36: Mock info subfolder 30 | C36: Mock documentation in PDM 30 | D36: Comments 30
A37: 02 WP2.1 Product definition
B38: Mock info subfolder 31 | C38: Mock documentation in PDM 31 | D38: Comments 31
B39: Mock info subfolder 32 | C39: Mock documentation in PDM 32 | D39: Comments 32
B40: Mock info subfolder 33 | C40: Mock documentation in PDM 33 | D40: Comments 33
B41: Mock info subfolder 34 | C41: Mock documentation in PDM 34 | D41: Comments 34
B42: Mock info subfolder 35 | C42: Mock documentation in PDM 35 | D42: Comments 35
B43: Mock info subfolder 36 | C43: Mock documentation in PDM 36 | D43: Comments 36
B44: Mock info subfolder 37 | C44: Mock documentation in PDM 37 | D44: Comments 37
B45: Mock info subfolder 38 | C45: Mock documentation in PDM 38 | D45: Comments 38
B46: Mock info subfolder 39 | C46: Mock documentation in PDM 39 | D46: Comments 39
A47: 03 WP2.2 Process definition
B48: Mock info subfolder 40 | C48: Mock documentation in PDM 40 | D48: Comments 40
B49: Mock info subfolder 41 | C49: Mock documentation in PDM 41 | D49: Comments 41
B50: Mock info subfolder 42 | C50: Mock documentation in PDM 42 | D50: Comments 42
B51: Mock info subfolder 43 | C51: Mock documentation in PDM 43 | D51: Comments 43
A52: 04 WP2.3 Project feasibility
A53: 05 M2 Invesment agreement | C53: "M2: Investment agreement" file: milestone summary report.
A54: 06 WP3.1 Purchase Commodities suppliers project
B55: Mock info subfolder 44 | C55: Mock documentation in PDM 44 | D55: Comments 44
B56: Mock info subfolder 45 | C56: Mock documentation in PDM 45 | D56: Comments 45
B57: Mock info subfolder 46 | C57: Mock documentation in PDM 46 | D57: Comments 46
B58: Mock info subfolder 47 | C58: Mock documentation in PDM 47 | D58: Comments 47
A59: 07 WP3.2 Mould manufacturing
B60: Mock info subfolder 48 | C60: Mock documentation in PDM 48 | D60: Comments 48
B61: Mock info subfolder 49 | C61: Mock documentation in PDM 49 | D61: Comments 49
B62: Mock info subfolder 50 | C62: Mock documentation in PDM 50 | D62: Comments 50
B63: Mock info subfolder 51 | C63: Mock documentation in PDM 51 | D63: Comments 51
B64: Mock info subfolder 52 | C64: Mock documentation in PDM 52 | D64: Comments 52
B65: Mock info subfolder 53 | C65: Mock documentation in PDM 53 | D65: Comments 53
B66: Mock info subfolder 54 | C66: Mock documentation in PDM 54 | D66: Comments 54
A67: 08 WP3.3 Working station manufacturing
B68: Mock info subfolder 55 | C68: Mock documentation in PDM 55 | D68: Comments 55
B69: Mock info subfolder 56 | C69: Mock documentation in PDM 56 | D69: Comments 56
B70: Mock info subfolder 57 | C70: Mock documentation in PDM 57 | D70: Comments 57
A71: 09 WP3.4 Control Equipment and testing jigs manufacturing
B72: Mock info subfolder 58 | C72: Mock documentation in PDM 58 | D72: Comments 58
B73: Mock info subfolder 59 | C73: Mock documentation in PDM 59 | D73: Comments 59
B74: Mock info subfolder 60 | C74: Mock documentation in PDM 60 | D74: Comments 60
A75: 10 M4 Mass production agreement | C75: "M4: Mass production agreement" file: milestone summary report. Save in PDM, in M4 folder.
A76: 11 WP5.1 Mass production long term confirmation | C76: Follow up minutes meeting
A77: 12 M5 Project evaluation and closing | C77: "M5: Project evaluation and closing" file: milestone summary report. Save in PDM, in M5 folder.

Sheet WBS DEF

Sheet WP's&M's REVIEW
A1: PHASE | B1: WP/M | C1: NAME WP/M | D1: ACHIEVEMENTS | E1: R | F1: S | G1: OUTPUT: DOCUMENTS AND PLACE TO STORE | H1: SIGNATURES | I1: ABBREVIATION NAME SHEET INSTRUCCTION
A2: Phase 1 | B2: WP1.1. | C2: ='WP1.1. PJ PREP'!B1 -> Project Management preparation | D2: ='WP1.1. PJ PREP'!B1 -> Project Management preparation | E2: ='WP1.1. PJ PREP'!B4 -> Mock General 003 | F2: ='WP1.1. PJ PREP'!B5 -> Mock General 004 | G2: ='WP1.1. PJ PREP'!B8 -> Mock General 007 | H2: ='WP1.1. PJ PREP'!B9 -> Mock General 008 | I2: WP1.1. PJ PREP
B3: WP1.1. | C3: =C2 -> Project Management preparation | D3: ='Quotation transfer'!B1 -> Transfer from quotation to project | E3: ='Quotation transfer'!B4 -> Mock General 018 | F3: ='Quotation transfer'!B5 -> Mock General 019 | G3: ='Quotation transfer'!B8 -> Mock General 022 | H3: ='Quotation transfer'!B9 -> Mock General 023 | I3: Quotation transfer
B4: WP1.1. | C4: =C3 -> Project Management preparation | D4: ='Draft Timing'!B1 -> Define preliminary timing | E4: ='Draft Timing'!B4 -> Mock General 028 | F4: ='Draft Timing'!B5 -> Mock General 029 | G4: ='Draft Timing'!B8 -> Mock General 032 | H4: ='Draft Timing'!B9 -> Mock General 033 | I4: Draft Timing
B5: WP1.1. | C5: =C4 -> Project Management preparation | D5: ='Team & Resources'!B1 -> Define and confirm team members and resources | E5: ='Team & Resources'!B4 -> Mock General 038 | F5: ='Team & Resources'!B5 -> Mock General 039 | G5: ='Team & Resources'!B8 -> Mock General 042 | H5: ='Team & Resources'!B9 -> Mock General 043 | I5: Team & Resources
B6: WP1.1. | C6: =C5 -> Project Management preparation | D6: =Softwares!B1 -> Initiate softwares | E6: =Softwares!B4 -> Mock General 048 | F6: =Softwares!B5 -> Mock General 049 | G6: =Softwares!B8 -> Mock General 052 | H6: =Softwares!B9 -> Mock General 053 | I6: Softwares
B7: WP1.1. | C7: =C6 -> Project Management preparation | D7: ='Proj Data Draft'!B1 -> Prepare preliminary project data and targets | E7: ='Proj Data Draft'!B4 -> Mock General 058 | F7: ='Proj Data Draft'!B5 -> Mock General 059 | G7: ='Proj Data Draft'!B8 -> Mock General 062 | H7: ='Proj Data Draft'!B9 -> Mock General 063 | I7: Proj Data Draft
A8: Phase 1 | B8: M1 | C8: ='ph1 m1. PJ K-OFF'!B1 -> Project Kick-off | D8: ='ph1 m1. PJ K-OFF'!B1 -> Project Kick-off | E8: ='ph1 m1. PJ K-OFF'!B4 -> Mock General 068 | F8: ='ph1 m1. PJ K-OFF'!B5 -> Mock General 069 | G8: ='ph1 m1. PJ K-OFF'!B8 -> Mock General 072 | H8: ='ph1 m1. PJ K-OFF'!B9 -> Mock General 073 | I8: M1. PJ K-OFF
B9: M1 | C9: =C8 -> Project Kick-off | D9: ='Risk mgt Ph1'!B1 -> Risk Management | E9: ='Risk mgt Ph1'!B4 -> Mock General 079 | F9: ='Risk mgt Ph1'!B5 -> Mock General 080 | G9: ='Risk mgt Ph1'!B8 -> Mock General 083 | H9: ='Risk mgt Ph1'!B9 -> Mock General 084 | I9: Risk mgt Ph1
B10: M1 | C10: =C9 -> Project Kick-off | D10: ='Proj Data Ph1'!B1 -> Target Data Confirmation | E10: ='Proj Data Ph1'!B4 -> Mock General 089 | F10: ='Proj Data Ph1'!B5 -> Mock General 090 | G10: ='Proj Data Ph1'!B8 -> Mock General 093 | H10: ='Proj Data Ph1'!B9 -> Mock General 094 | I10: Proj Data Ph1
B11: M1 | C11: =C10 -> Project Kick-off | D11: ='LLC Ph1'!B1 -> Identify the reference projects | E11: ='LLC Ph1'!B4 -> Mock General 099 | F11: ='LLC Ph1'!B5 -> Mock General 100 | G11: ='LLC Ph1'!B8 -> Mock General 103 | H11: ='LLC Ph1'!B9 -> Mock General 104 | I11: LLC Ph1
A12: Phase 2 | B12: WP 2.0 | C12: ='WP Proto tool pha'!B1 -> Prototype tool phase | D12: ='WP Proto tool pha'!B1 -> Prototype tool phase | E12: ='WP Proto tool pha'!B4 -> Mock General 109 | F12: ='WP Proto tool pha'!B5 -> Mock General 110 | G12: ='WP Proto tool pha'!B8 -> Mock General 113 | H12: ='WP Proto tool pha'!B9 -> Mock General 114 | I12: WP Proto tool pha'!A1
B13: WP 2.0 | C13: =C12 -> Prototype tool phase | D13: ='proto_customer req'!B1 -> Get customer information and requirements | E13: ='proto_customer req'!B4 -> Mock General 119 | F13: ='proto_customer req'!B5 -> Mock General 120 | G13: ='proto_customer req'!B8 -> Mock General 123 | H13: ='proto_customer req'!B9 -> Mock General 124 | I13: proto_customer req'!A1
B14: WP 2.0 | C14: =C13 -> Prototype tool phase | D14: ='Proto fea_Risk analysis'!B1 -> Prototype Feasibility & Risk Analysis | E14: ='Proto fea_Risk analysis'!B4 -> Mock General 129 | F14: ='Proto fea_Risk analysis'!B5 -> Mock General 130 | G14: ='Proto fea_Risk analysis'!B8 -> Mock General 133 | H14: ='Proto fea_Risk analysis'!B9 -> Mock General 134 | I14: Proto fea_Risk analysis'!A1
B15: WP 2.0 | C15: =C14 -> Prototype tool phase | D15: ='3D def'!B1 -> 3D data proto definition | E15: ='3D def'!B4 -> Mock General 139 | F15: ='3D def'!B5 -> Mock General 140 | G15: ='3D def'!B8 -> Mock General 143 | H15: ='3D def'!B9 -> Mock General 144 | I15: 3D def'!A1
B16: WP 2.0 | C16: =C15 -> Prototype tool phase | D16: ='Proto constr'!B1 -> Proto tool construction | E16: ='Proto constr'!B4 -> Mock General 149 | F16: ='Proto constr'!B5 -> Mock General 150 | G16: ='Proto constr'!B8 -> Mock General 153 | H16: ='Proto constr'!B9 -> Mock General 154 | I16: Proto constr'!A1
B17: WP 2.0 | C17: =C16 -> Prototype tool phase | D17: ='Process jigs'!B1 -> Process Proto jigs Construction | E17: ='Process jigs'!B4 -> Mock General 159 | F17: ='Process jigs'!B5 -> Mock General 160 | G17: ='Process jigs'!B8 -> Mock General 163 | H17: ='Process jigs'!B9 -> Mock General 164 | I17: Process jigs'!A1
B18: WP 2.0 | C18: =C17 -> Prototype tool phase | D18: ='material supply'!B1 -> Material supply | E18: ='material supply'!B4 -> Mock General 169 | F18: ='material supply'!B5 -> Mock General 170 | G18: ='material supply'!B8 -> Mock General 173 | H18: ='material supply'!B9 -> Mock General 174 | I18: material supply'!A1
B19: WP 2.0 | C19: =C18 -> Prototype tool phase | D19: ='proto mfg_prodimprov'!B1 -> Proto parts Manufacturing & Product improvement | E19: ='proto mfg_prodimprov'!B4 -> Mock General 179 | F19: ='proto mfg_prodimprov'!B5 -> Mock General 180 | G19: ='proto mfg_prodimprov'!B8 -> Mock General 183 | H19: ='proto mfg_prodimprov'!B9 -> Mock General 184 | I19: proto mfg_prodimprov'!A1
B20: WP 2.0 | C20: =C19 -> Prototype tool phase | D20: =proto_verif_val!B1 -> Prototypes verification/Validation - DV | E20: =proto_verif_val!B4 -> Mock General 189 | F20: =proto_verif_val!B5 -> Mock General 190 | G20: =proto_verif_val!B8 -> Mock General 193 | H20: =proto_verif_val!B9 -> Mock General 194 | I20: proto_verif_val!A1
B21: WP 2.0 | C21: =C20 -> Prototype tool phase | D21: ='design val_proto'!B1 -> Design validation for serial product | E21: ='design val_proto'!B4 -> Mock General 199 | F21: ='design val_proto'!B5 -> Mock General 200 | G21: ='design val_proto'!B8 -> Mock General 203 | H21: ='design val_proto'!B9 -> Mock General 204 | I21: design val_proto'!A1
A22: Phase 2 | B22: WP2.1. | C22: ='WP2.1. PD DEF'!B1 -> Product definition | D22: ='WP2.1. PD DEF'!B1 -> Product definition | E22: ='WP2.1. PD DEF'!B4 -> Mock General 209 | F22: ='WP2.1. PD DEF'!B5 -> Mock General 210 | G22: ='WP2.1. PD DEF'!B8 -> Mock General 213 | H22: ='WP2.1. PD DEF'!B9 -> Mock General 214 | I22: WP2.1. PD DEF
B23: WP2.1. | C23: =C22 -> Product definition | D23: ='Prod requirements'!B1 -> Get customer information and requirements | E23: ='Prod requirements'!B4 -> Mock General 219 | F23: ='Prod requirements'!B5 -> Mock General 220 | G23: ='Prod requirements'!B8 -> Mock General 223 | H23: ='Prod requirements'!B9 -> Mock General 224 | I23: Prod requirements
B24: WP2.1. | C24: =C23 -> Product definition | D24: ='Prod Feasibility'!B1 -> Product Feasibility | E24: ='Prod Feasibility'!B4 -> Mock General 229 | F24: ='Prod Feasibility'!B5 -> Mock General 230 | G24: ='Prod Feasibility'!B8 -> Mock General 233 | H24: ='Prod Feasibility'!B9 -> Mock General 234 | I24: Prod Feasibility
B25: WP2.1. | C25: =C24 -> Product definition | D25: ='Style Frozen'!B1 -> Style frozen | E25: ='Style Frozen'!B4 -> Mock General 239 | F25: ='Style Frozen'!B5 -> Mock General 240 | G25: ='Style Frozen'!B8 -> Mock General 243 | H25: ='Style Frozen'!B9 -> Mock General 244 | I25: Style Frozen
B26: WP2.1. | C26: =C25 -> Product definition | D26: =FEA!B1 -> FEA validation | E26: =FEA!B4 -> Mock General 249 | F26: =FEA!B5 -> Mock General 250 | G26: =FEA!B8 -> Mock General 253 | H26: =FEA!B9 -> Mock General 254 | I26: FEA
B27: WP2.1. | C27: =C26 -> Product definition | D27: ='Purchase elements def'!B1 -> Purchase elements definition | E27: ='Purchase elements def'!B4 -> Mock General 259 | F27: ='Purchase elements def'!B5 -> Mock General 260 | G27: ='Purchase elements def'!B8 -> Mock General 263 | H27: ='Purchase elements def'!B9 -> Mock General 264 | I27: Purchase elements def
B28: WP2.1. | C28: =C27 -> Product definition | D28: =DFMEA!B1 -> DFMEA and related activities | E28: =DFMEA!B4 -> Mock General 269 | F28: =DFMEA!B5 -> Mock General 270 | G28: =DFMEA!B8 -> Mock General 273 | H28: =DFMEA!B9 -> Mock General 274 | I28: DFMEA
B29: WP2.1. | C29: =C28 -> Product definition | D29: ='3D'!B1 -> 3D data submission | E29: ='3D'!B4 -> Mock General 279 | F29: ='3D'!B5 -> Mock General 280 | G29: ='3D'!B8 -> Mock General 283 | H29: ='3D'!B9 -> Mock General 284 | I29: 3D
B30: WP2.1. | C30: =C29 -> Product definition | D30: =DWG!B1 -> Drawings definition | E30: =DWG!B4 -> Mock General 289 | F30: =DWG!B5 -> Mock General 290 | G30: =DWG!B8 -> Mock General 293 | H30: =DWG!B9 -> Mock General 294 | I30: DWG
B31: WP2.1. | C31: =C29 -> Product definition | D31: ='3D Approval'!B1 -> Client approval (3D) | E31: ='3D Approval'!B4 -> Mock General 299 | F31: ='3D Approval'!B5 -> Mock General 300 | G31: ='3D Approval'!B8 -> Mock General 303 | H31: ='3D Approval'!B9 -> Mock General 304 | I31: 3D Approval
B32: WP2.1. | C32: =C31 -> Product definition | D32: ='Drawing Approval'!B1 -> Client approval (Drawing) | E32: ='Drawing Approval'!B4 -> Mock General 309 | F32: ='Drawing Approval'!B5 -> Mock General 310 | G32: ='Drawing Approval'!B8 -> Mock General 313 | H32: ='Drawing Approval'!B9 -> Mock General 314 | I32: Drawing Approval
B33: WP2.1. | C33: =C32 -> Product definition | D33: ='Validation Plan'!B1 -> Define validation plan | E33: ='Validation Plan'!B4 -> Mock General 319 | F33: ='Validation Plan'!B5 -> Mock General 320 | G33: ='Validation Plan'!B8 -> Mock General 323 | H33: ='Validation Plan'!B9 -> Mock General 324 | I33: Validation Plan
B34: WP2.1. | C34: =C33 -> Product definition | D34: ='Component Feasibility'!B1 -> Confirm purchasing feasibility components & packaging | E34: ='Component Feasibility'!B4 -> Mock General 329 | F34: ='Component Feasibility'!B5 -> Mock General 330 | G34: ='Component Feasibility'!B8 -> Mock General 333 | H34: ='Component Feasibility'!B9 -> Mock General 334 | I34: Component Feasibility
B35: WP2.1. | C35: =C34 -> Product definition | D35: ='Material Feasibility'!B1 -> Confirm material feasibility | E35: ='Material Feasibility'!B4 -> Mock General 339 | F35: ='Material Feasibility'!B5 -> Mock General 340 | G35: ='Material Feasibility'!B8 -> Mock General 343 | H35: ='Material Feasibility'!B9 -> Mock General 344 | I35: Material Feasibility
B36: WP2.1. | C36: =C35 -> Product definition | D36: ='Inks Feasibility'!B1 -> Confirm purchasing feasibility inks and paints | E36: ='Inks Feasibility'!B4 -> Mock General 349 | F36: ='Inks Feasibility'!B5 -> Mock General 350 | G36: ='Inks Feasibility'!B8 -> Mock General 353 | H36: ='Inks Feasibility'!B9 -> Mock General 354 | I36: Inks Feasibility
A37: Phase 2 | B37: WP2.2. | C37: ='WP2.2. PC DEF'!B1 -> Process definition | D37: ='WP2.2. PC DEF'!B1 -> Process definition | E37: ='WP2.2. PC DEF'!B4 -> Mock General 359 | F37: ='WP2.2. PC DEF'!B5 -> Mock General 360 | G37: ='WP2.2. PC DEF'!B8 -> Mock General 363.1 | H37: ='WP2.2. PC DEF'!B9 -> Mock General 364 | I37: WP2.2. PC DEF
B38: WP2.2. | C38: =C37 -> Process definition | D38: ='Initial Proc Data'!B1 -> Fill-in "Process Master Data" file | E38: ='Initial Proc Data'!B4 -> Mock General 370 | F38: ='Initial Proc Data'!B5 -> Mock General 371 | G38: ='Initial Proc Data'!B8 -> Mock General 374 | H38: ='Initial Proc Data'!B9 -> Mock General 375 | I38: Initial Proc Data
B39: WP2.2. | C39: =C38 -> Process definition | D39: ='EOL RF'!B1 -> EOL RF/optics/heating machine definition | E39: ='EOL RF'!B4 -> Mock General 380 | F39: ='EOL RF'!B5 -> Mock General 381 | G39: ='EOL RF'!B8 -> Mock General 384 | H39: ='EOL RF'!B9 -> Mock General 385 | I39: EOL RF
B40: WP2.2. | C40: =C39 -> Process definition | D40: ='Potential Flows'!B1 -> Definition of possible manufacturing flow charts | E40: ='Potential Flows'!B4 -> Mock General 390 | F40: ='Potential Flows'!B5 -> Mock General 391 | G40: ='Potential Flows'!B8 -> Mock General 394 | H40: ='Potential Flows'!B9 -> Mock General 395 | I40: Potential Flows
B41: WP2.2. | C41: =C40 -> Process definition | D41: ='Flow Decision'!B1 -> Election of the optimal flow chart | E41: ='Flow Decision'!B4 -> Mock General 400 | F41: ='Flow Decision'!B5 -> Mock General 401 | G41: ='Flow Decision'!B8 -> Mock General 404 | H41: ='Flow Decision'!B9 -> Mock General 405 | I41: Flow Decision
B42: WP2.2. | C42: =C41 -> Process definition | D42: ='Proc needs'!B1 -> Identification of process needs | E42: ='Proc needs'!B4 -> Mock General 410 | F42: ='Proc needs'!B5 -> Mock General 411 | G42: ='Proc needs'!B8 -> Mock General 414 | H42: ='Proc needs'!B9 -> Mock General 415 | I42: Proc Needs
B43: WP2.2. | C43: =C42 -> Process definition | D43: ='Proc Quality'!B1 -> Confirm the process meets requirements | E43: ='Proc Quality'!B4 -> Mock General 420 | F43: ='Proc Quality'!B5 -> Mock General 421 | G43: ='Proc Quality'!B8 -> Mock General 424 | H43: ='Proc Quality'!B9 -> Mock General 425 | I43: Proc Quality
B44: WP2.2. | C44: =C43 -> Process definition | D44: =LaunchCP!B1 -> Launch Control Plan/Product Master Data | E44: =LaunchCP!B4 -> Mock General 430 | F44: =LaunchCP!B5 -> Mock General 431 | G44: =LaunchCP!B8 -> Mock General 434 | H44: =LaunchCP!B9 -> Mock General 435 | I44: LaunchCP!A1
B45: WP2.2. | C45: =C44 -> Process definition | D45: ='Proc Criteria'!B1 -> Definition of acceptance criteria for process approval | E45: ='Proc Criteria'!B4 -> Mock General 440 | F45: ='Proc Criteria'!B5 -> Mock General 441 | G45: ='Proc Criteria'!B8 -> Mock General 444 | H45: ='Proc Criteria'!B9 -> Mock General 445 | I45: Proc Criteria
B46: WP2.2. | C46: =C45 -> Process definition | D46: =FMEA!B1 -> Process FMEA | E46: =FMEA!B4 -> Mock General 450 | F46: =FMEA!B5 -> Mock General 451 | G46: =FMEA!B8 -> Mock General 454 | H46: =FMEA!B9 -> Mock General 455 | I46: FMEA
B47: WP2.2. | C47: =C46 -> Process definition | D47: =Conditions!B1 -> Elaboration of specific technical conditions for equipments and RFQs | E47: =Conditions!B4 -> Mock General 460 | F47: =Conditions!B5 -> Mock General 461 | G47: =Conditions!B8 -> Mock General 464 | H47: =Conditions!B9 -> Mock General 465 | I47: Conditions
A48: Phase 2 | B48: WP2.3. | C48: ='WP2.3 PJ FEA'!B1 -> Project feasibility | D48: ='WP2.3 PJ FEA'!B1 -> Project feasibility | E48: ='WP2.3 PJ FEA'!B4 -> Mock General 470 | F48: ='WP2.3 PJ FEA'!B5 -> Mock General 471 | G48: ='WP2.3 PJ FEA'!B8 -> Mock General 474 | H48: ='WP2.3 PJ FEA'!B9 -> Mock General 475 | I48: WP2.3 PJ FEA
B49: WP2.3. | C49: =C48 -> Project feasibility | D49: =Workshop!B1 -> Workshop to agree on Product/Process Design | E49: =Workshop!B4 -> Mock General 481 | F49: =Workshop!B5 -> Mock General 482 | G49: =Workshop!B8 -> Mock General 485 | H49: =Workshop!B9 -> Mock General 486 | I49: Workshop!A1
B50: WP2.3. | C50: =C49 -> Project feasibility | D50: ='Plant Capacity'!B1 -> Confirm plant feasibility | E50: ='Plant Capacity'!B4 -> Mock General 491 | F50: ='Plant Capacity'!B5 -> Mock General 492 | G50: ='Plant Capacity'!B8 -> Mock General 495 | H50: ='Plant Capacity'!B9 -> Mock General 496 | I50: Plant Capacity
B51: WP2.3. | C51: =C50 -> Project feasibility | D51: ='Draft Packaging'!B1 -> Confirm Draft Mass Production Packaging | E51: ='Draft Packaging'!B4 -> Mock General 501 | F51: ='Draft Packaging'!B5 -> Mock General 502 | G51: ='Draft Packaging'!B8 -> Mock General 505 | H51: ='Draft Packaging'!B9 -> Mock General 506 | I51: Draft Packaging
B52: WP2.3. | C52: =C51 -> Project feasibility | D52: ='Logistic Feasibility'!B1 -> Confirm Logistics feasibility | E52: ='Logistic Feasibility'!B4 -> Mock General 511 | F52: ='Logistic Feasibility'!B5 -> Mock General 512 | G52: ='Logistic Feasibility'!B8 -> Mock General 515 | H52: ='Logistic Feasibility'!B9 -> Mock General 516 | I52: Logistic Feasibility
B53: WP2.3. | C53: =C52 -> Project feasibility | D53: =RegLaws!B1 -> Confirm Regulations, Laws and Special Customer Characteristics | E53: =RegLaws!B4 -> Mock General 521 | F53: =RegLaws!B5 -> Mock General 522 | G53: =RegLaws!B8 -> Mock General 525 | H53: =RegLaws!B9 -> Mock General 526 | I53: RegLaws
A54: Phase 2 | B54: WP2.4 | C54: RF feasibility | D54: ='WP2.4 RF FEA'!B1 -> RF feasibility confirmation | E54: ='WP2.4 RF FEA'!B4 -> Mock General 531 | F54: ='WP2.4 RF FEA'!B5 -> Mock General 532 | G54: ='WP2.4 RF FEA'!B8 -> Mock General 535 | H54: ='WP2.4 RF FEA'!B9 -> Mock General 536 | I54: WP2.4 RF FEA
B55: WP2.4 | C55: RF feasibility | D55: ='Requirements RF'!B1 -> Initial RF requirement analysis | E55: ='Requirements RF'!B4 -> Mock General 541 | F55: ='Requirements RF'!B5 -> Mock General 542 | G55: ='Requirements RF'!B8 -> Mock General 545 | H55: ='Requirements RF'!B9 -> Mock General 546 | I55: Requirements RF
B56: WP2.4 | C56: RF feasibility | D56: ='CalcThick-3D-RFsimulation'!B1 -> Calculate thickness +3D + RF simulation | E56: ='CalcThick-3D-RFsimulation'!B4 -> Mock General 551 | F56: ='CalcThick-3D-RFsimulation'!B5 -> Mock General 552 | G56: ='CalcThick-3D-RFsimulation'!B8 -> Mock General 555 | H56: ='CalcThick-3D-RFsimulation'!B9 -> Mock General 556 | I56: Calc thickness
B57: WP2.4 | C57: RF feasibility | D57: ='Proto validation'!B1 -> Confirm RF performance on functional prototypes | E57: ='Proto validation'!B4 -> Mock General 561 | F57: ='Proto validation'!B5 -> Mock General 562 | G57: ='Proto validation'!B8 -> Mock General 565 | H57: ='Proto validation'!B9 -> Mock General 566 | I57: proto validation
A58: Phase 2 | B58: WP2.5 | C58: Heating feasibility | D58: ='WP2.5HEAT FEA'!B1 -> Heating feasibility confirmation | E58: ='WP2.5HEAT FEA'!B4 -> Mock General 571 | F58: ='WP2.5HEAT FEA'!B5 -> Mock General 572 | G58: ='WP2.5HEAT FEA'!B8 -> Mock General 575 | H58: ='WP2.5HEAT FEA'!B9 -> Mock General 576 | I58: WP2.5 HEAT FEA
B59: WP2.5 | C59: Heating feasibility | D59: ='Heat Req'!B1 -> Initial heating requirement analysis | E59: ='Heat Req'!B4 -> Mock General 581 | F59: ='Heat Req'!B5 -> Mock General 582 | G59: ='Heat Req'!B8 -> Mock General 585 | H59: ='Heat Req'!B9 -> Mock General 586 | I59: Heat req
B60: WP2.5 | C60: Heating feasibility | D60: ='Design heat'!B1 -> Design heating proposal | E60: ='Design heat'!B4 -> Mock General 591 | F60: ='Design heat'!B5 -> Mock General 592 | G60: ='Design heat'!B8 -> Mock General 595 | H60: ='Design heat'!B9 -> Mock General 596 | I60: Design heat
A61: Phase 2 | B61: WP2.6 | C61: Illumination feasibility | D61: ='WP2.6 Illum fea'!B1 -> Illumination feasibility confirmation | E61: ='WP2.6 Illum fea'!B4 -> Mock General 601 | F61: ='WP2.6 Illum fea'!B5 -> Mock General 602 | G61: ='WP2.6 Illum fea'!B8 -> Mock General 605 | H61: ='WP2.6 Illum fea'!B9 -> Mock General 606 | I61: WP2.6 Ill FEA
B62: WP2.6 | C62: Illumination feasibility | D62: ='Optical req'!B1 -> Initial optical requirement analysis | E62: ='Optical req'!B4 -> Mock General 611 | F62: ='Optical req'!B5 -> Mock General 612 | G62: ='Optical req'!B8 -> Mock General 615 | H62: ='Optical req'!B9 -> Mock General 616 | I62: Optical req
B63: WP2.6 | C63: Illumination feasibility | D63: =illum!B1 -> 3D + optical simulation | E63: =illum!B4 -> Mock General 621 | F63: =illum!B5 -> Mock General 622 | G63: =illum!B8 -> Mock General 625 | H63: =illum!B9 -> Mock General 626 | I63: Illum
B64: WP2.6 | C64: Illumination feasibility | D64: ='val proto'!B1 -> Confirm illumination performance on prototypes | E64: ='val proto'!B4 -> Mock General 631 | F64: ='val proto'!B5 -> Mock General 632 | G64: ='val proto'!B8 -> Mock General 635 | H64: ='val proto'!B9 -> Mock General 636 | I64: Val proto illum
A65: Phase 2 | B65: M2 | C65: ='ph2 m2. INV AGR'!B1 -> Investment agreement | D65: ='ph2 m2. INV AGR'!B1 -> Investment agreement | E65: ='ph2 m2. INV AGR'!B4 -> Mock General 641 | F65: ='ph2 m2. INV AGR'!B5 -> Mock General 642 | G65: ='ph2 m2. INV AGR'!B8 -> Mock General 645 | H65: ='ph2 m2. INV AGR'!B9 -> Mock General 646 | I65: M2. INV AGR
B66: M2 | C66: =C65 -> Investment agreement | D66: ='Proj Data Ph2'!B1 -> Confirm/Update project targets and ERP | E66: ='Proj Data Ph2'!B4 -> Mock General 652 | F66: ='Proj Data Ph2'!B5 -> Mock General 653 | G66: ='Proj Data Ph2'!B8 -> Mock General 656 | H66: ='Proj Data Ph2'!B9 -> Mock General 657 | I66: Proj Data Ph2
B67: M2 | C67: =C66 -> Investment agreement | D67: ='Customer TO'!B1 -> Confirm Customer Tooling Agreement | E67: ='Customer TO'!B4 -> Mock General 662 | F67: ='Customer TO'!B5 -> Mock General 663 | G67: ='Customer TO'!B8 -> Mock General 666 | H67: ='Customer TO'!B9 -> Mock General 667 | I67: Customer TO
B68: M2 | C68: =C67 -> Investment agreement | D68: ='Risk mgt Ph2'!B1 -> Risk Management | E68: ='Risk mgt Ph2'!B4 -> Mock General 672 | F68: ='Risk mgt Ph2'!B5 -> Mock General 673 | G68: ='Risk mgt Ph2'!B8 -> Mock General 676 | H68: ='Risk mgt Ph2'!B9 -> Mock General 677 | I68: Risk mgt Ph2
B69: M2 | C69: =C68 -> Investment agreement | D69: ='P&P history Ph2'!B1 -> Initialize product/process history | E69: ='P&P history Ph2'!B4 -> Mock General 682 | F69: ='P&P history Ph2'!B5 -> Mock General 683 | G69: ='P&P history Ph2'!B8 -> Mock General 686 | H69: ='P&P history Ph2'!B9 -> Mock General 687 | I69: P&P history Ph2
A70: Phase 3 | B70: WP3.1. | C70: Purchase Commodities suppliers' project | D70: ='WP3.1. PUR COMP'!B1 -> Purchase Commodities suppliers' project | E70: ='WP3.1. PUR COMP'!B4 -> Mock General 692 | F70: ='WP3.1. PUR COMP'!B5 -> Mock General 693 | G70: ='WP3.1. PUR COMP'!B8 -> Mock General 696 | H70: ='WP3.1. PUR COMP'!B9 -> Mock General 697 | I70: WP3.1. PUR COMP
B71: WP3.1. | C71: Purchase Components suppliers' project | D71: ='Purch nominations'!B1 -> Get purchasing quotation&nomination | E71: ='Purch nominations'!B4 -> Mock General 703 | F71: ='Purch nominations'!B5 -> Mock General 704 | G71: ='Purch nominations'!B8 -> Mock General 707 | H71: ='Purch nominations'!B9 -> Mock General 708 | I71: Purch nominations
B72: WP3.1. | C72: Purchase Components suppliers' project | D72: ='Purch components'!B1 -> Purchase components | E72: ='Purch components'!B4 -> Mock General 713 | F72: ='Purch components'!B5 -> Mock General 714 | G72: ='Purch components'!B8 -> Mock General 717 | H72: ='Purch components'!B9 -> Mock General 718 | I72: Purch components
B73: WP3.1. | C73: Purchase Components suppliers' project | D73: ='Purch inks'!B1 -> Purchase inks and paints | E73: ='Purch inks'!B4 -> Mock General 723 | F73: ='Purch inks'!B5 -> Mock General 724 | G73: ='Purch inks'!B8 -> Mock General 727 | H73: ='Purch inks'!B9 -> Mock General 728 | I73: Purch inks
B74: WP3.1. | C74: Purchase Components suppliers' project | D74: =Ppackaging!B1 -> Get mass production and alternative packaging | E74: =Ppackaging!B4 -> Mock General 733 | F74: =Ppackaging!B5 -> Mock General 734 | G74: =Ppackaging!B8 -> Mock General 737 | H74: =Ppackaging!B9 -> Mock General 738 | I74: Ppackaging
B75: WP3.1. | C75: Purchase Components suppliers' project | D75: =SupplierTO!B1 -> Suppliers' tooling orders | E75: =SupplierTO!B4 -> Mock General 743 | F75: =SupplierTO!B5 -> Mock General 744 | G75: =SupplierTO!B8 -> Mock General 747 | H75: =SupplierTO!B9 -> Mock General 748 | I75: SupplierTO
A76: Phase 3 | B76: WP3.2. | C76: Mould manufacturing | D76: ='WP3.2. MLD MFG'!B1 -> Mould manufacturing | E76: ='WP3.2. MLD MFG'!B4 -> Mock General 753 | F76: ='WP3.2. MLD MFG'!B5 -> Mock General 754 | G76: ='WP3.2. MLD MFG'!B8 -> Mock General 757 | H76: ='WP3.2. MLD MFG'!B9 -> Mock General 758 | I76: WP3.2. MLD MFG
B77: WP3.2. | C77: Mould manufacturing | D77: ='Pre-allocateTM'!B1 -> Pre-allocate mould to toolmaker | E77: ='Pre-allocateTM'!B4 -> Mock General 764 | F77: ='Pre-allocateTM'!B5 -> Mock General 765 | G77: ='Pre-allocateTM'!B8 -> Mock General 768 | H77: ='Pre-allocateTM'!B9 -> Mock General 769 | I77: Pre-allocateTM
B78: WP3.2. | C78: Mould manufacturing | D78: ='Mould design'!B1 -> Validate mould design | E78: ='Mould design'!B4 -> Mock General 774 | F78: ='Mould design'!B5 -> Mock General 775 | G78: ='Mould design'!B8 -> Mock General 778 | H78: ='Mould design'!B9 -> Mock General 779 | I78: Mould design
B79: WP3.2. | C79: Mould manufacturing | D79: ='Mould contract'!B1 -> Mould contract/Toolmaker allocation | E79: ='Mould contract'!B4 -> Mock General 784 | F79: ='Mould contract'!B5 -> Mock General 785 | G79: ='Mould contract'!B8 -> Mock General 788 | H79: ='Mould contract'!B9 -> Mock General 789 | I79: Mould contract
B80: WP3.2. | C80: Mould manufacturing | D80: ='Steel Components'!B1 -> Authorize steel and mould components purchase | E80: ='Steel Components'!B4 -> Mock General 794 | F80: ='Steel Components'!B5 -> Mock General 795 | G80: ='Steel Components'!B8 -> Mock General 798 | H80: ='Steel Components'!B9 -> Mock General 799 | I80: Steel Components
B81: WP3.2. | C81: Mould manufacturing | D81: ='Mould Go-Construction'!B1 -> Tool construction/machining go-ahead | E81: ='Mould Go-Construction'!B4 -> Mock General 804 | F81: ='Mould Go-Construction'!B5 -> Mock General 805 | G81: ='Mould Go-Construction'!B8 -> Mock General 808 | H81: ='Mould Go-Construction'!B9 -> Mock General 809 | I81: Mould Go-Construction
B82: WP3.2. | C82: Mould manufacturing | D82: ='Mould Follow'!B1 -> Tool construction follow up | E82: ='Mould Follow'!B4 -> Mock General 814 | F82: ='Mould Follow'!B5 -> Mock General 815 | G82: ='Mould Follow'!B8 -> Mock General 818 | H82: ='Mould Follow'!B9 -> Mock General 819 | I82: Mould Follow
B83: WP3.2. | C83: Mould manufacturing | D83: ='Mould Go-Transfer'!B1 -> Trials, corrections and adjustments and transfer go-ahead | E83: ='WKS Go-Transfer'!B4 -> Mock General 865 | F83: ='WKS Go-Transfer'!B5 -> Mock General 866 | G83: ='WKS Go-Transfer'!B8 -> Mock General 869 | H83: ='WKS Go-Transfer'!B9 -> Mock General 870 | I83: Mould Go-Transfer
B84: WP3.2. | C84: Mould manufacturing | D84: ='Mould Arrival'!B1 -> Mould arrival to production site | E84: ='Mould Arrival'!B4 -> Mock General 834 | F84: ='Mould Arrival'!B5 -> Mock General 835 | G84: ='Mould Arrival'!B8 -> Mock General 838 | H84: ='Mould Arrival'!B9 -> Mock General 839 | I84: Mould Arrival
A85: Phase 3 | B85: WP3.3. | C85: Working station manufacturing | D85: ='WP3.3. WST MFG'!B1 -> Working station manufacturing | E85: ='WP3.3. WST MFG'!B4 -> Mock General 844 | F85: ='WP3.3. WST MFG'!B5 -> Mock General 845 | G85: ='WP3.3. WST MFG'!B8 -> Mock General 848 | H85: ='WP3.3. WST MFG'!B9 -> Mock General 849 | I85: WP3.3. WST MFG
B86: WP3.3. | C86: Working station manufacturing | D86: ='WKS K-OFF'!B1 -> Supplier nomination, investment and orders | E86: ='WKS K-OFF'!B4 -> Mock General 855 | F86: ='WKS K-OFF'!B5 -> Mock General 856 | G86: ='WKS K-OFF'!B8 -> Mock General 859 | H86: ='WKS K-OFF'!B9 -> Mock General 860 | I86: WKS K-OFF
B87: WP3.3. | C87: Working station manufacturing | D87: ='WKS Go-Transfer'!B1 -> Complete mechanical design, construction and validation of the machine in supplier's facilities | E87: ='WKS Go-Transfer'!B4 -> Mock General 865 | F87: ='WKS Go-Transfer'!B5 -> Mock General 866 | G87: ='WKS Go-Transfer'!B8 -> Mock General 869 | H87: ='WKS Go-Transfer'!B9 -> Mock General 870 | I87: WKS Go-Transfer
B88: WP3.3. | C88: Working station manufacturing | D88: ='WKS installation'!B1 -> Installation and validation of the equipment in Zanini | E88: ='WKS installation'!B4 -> Mock General 875 | F88: ='WKS installation'!B5 -> Mock General 876 | G88: ='WKS installation'!B8 -> Mock General 879 | H88: ='WKS installation'!B9 -> Mock General 880 | I88: WKS installation
A89: Phase 3 | B89: WP3.4. | C89: Quality Equipment and testing jigs manufacturing | D89: ='WP3.4. Q EQUIP'!B1 -> Quality Equipment and testing jigs manufacturing | E89: ='WP3.4. Q EQUIP'!B4 -> Mock General 885 | F89: ='WP3.4. Q EQUIP'!B5 -> Mock General 886 | G89: ='WP3.4. Q EQUIP'!B8 -> Mock General 889 | H89: ='WP3.4. Q EQUIP'!B9 -> Mock General 890 | I89: WP3.4. Q EQUIP
B90: WP3.4. | C90: Quality Equipment and testing jigs manufacturing | D90: ='Q-Equip List'!B1 -> List Consolidation and timming for construction | E90: ='Q-Equip List'!B4 -> Mock General 896 | F90: ='Q-Equip List'!B5 -> Mock General 897 | G90: ='Q-Equip List'!B8 -> Mock General 900 | H90: ='Q-Equip List'!B9 -> Mock General 901 | I90: Q-Equip List
B91: WP3.4. | C91: Quality Equipment and testing jigs manufacturing | D91: ='Q-Equip RFQ'!B1 -> RFQ Preparation | E91: ='Q-Equip RFQ'!B4 -> Mock General 906 | F91: ='Q-Equip RFQ'!B5 -> Mock General 907 | G91: ='Q-Equip RFQ'!B8 -> Mock General 910 | H91: ='Q-Equip RFQ'!B9 -> Mock General 911 | I91: Q-Equip RFQ
B92: WP3.4. | C92: Quality Equipment and testing jigs manufacturing | D92: ='Q-Equip Alloc'!B1 -> Supplier Allocation | E92: ='Q-Equip Alloc'!B4 -> Mock General 916 | F92: ='Q-Equip Alloc'!B5 -> Mock General 917 | G92: ='Q-Equip Alloc'!B8 -> Mock General 920 | H92: ='Q-Equip Alloc'!B9 -> Mock General 921 | I92: Q-Equip Alloc
B93: WP3.4. | C93: Quality Equipment and testing jigs manufacturing | D93: ='Q-Equip Construction'!B1 -> Construction and Follow up | E93: ='Q-Equip Construction'!B4 -> Mock General 926 | F93: ='Q-Equip Construction'!B5 -> Mock General 927 | G93: ='Q-Equip Construction'!B8 -> Mock General 930 | H93: ='Q-Equip Construction'!B9 -> Mock General 931 | I93: Q-Equip Construction
B94: WP3.4. | C94: Quality Equipment and testing jigs manufacturing | D94: ='Q-Equip Validation'!B1 -> Control equipment & Validation | E94: ='Q-Equip Validation'!B4 -> Mock General 936 | F94: ='Q-Equip Validation'!B5 -> Mock General 937 | G94: ='Q-Equip Validation'!B8 -> Mock General 940 | H94: ='Q-Equip Validation'!B9 -> Mock General 941 | I94: Q-Equip Validation
B95: WP3.4. | C95: Quality Equipment and testing jigs manufacturing | D95: ='Q-Equip methods'!B1 -> Method and training | E95: ='Q-Equip methods'!B4 -> Mock General 946 | F95: ='Q-Equip methods'!B5 -> Mock General 947 | G95: ='Q-Equip methods'!B8 -> Mock General 950 | H95: ='Q-Equip methods'!B9 -> Mock General 951 | I95: Q-Equip methods
A96: Phase 4 | B96: WP4.1. | C96: Pre-serial phase activities | D96: ='WP4.2. OFF-SITE'!B1 -> Pre-serial phase activities | E96: ='WP4.2. OFF-SITE'!B4 -> Mock General 956 | F96: ='WP4.2. OFF-SITE'!B5 -> Mock General 957 | G96: ='WP4.2. OFF-SITE'!B8 -> Mock General 960 | H96: ='WP4.2. OFF-SITE'!B9 -> Mock General 961 | I96: WP4.2. OFF-SITE
B97: WP4.1. | C97: Pre-serial phase activities | D97: ='OS Trial Provisioning'!B1 -> Provision for pre-serial activities | E97: ='OS Trial Provisioning'!B4 -> Mock General 967 | F97: ='OS Trial Provisioning'!B5 -> Mock General 968 | G97: ='OS Trial Provisioning'!B8 -> Mock General 971 | H97: ='OS Trial Provisioning'!B9 -> Mock General 972 | I97: OS Trial Provisioning
B98: WP4.1. | C98: Pre-serial phase activities | D98: ='OT Prod verification'!B1 -> Product verification | E98: ='OT Prod verification'!B4 -> Mock General 977 | F98: ='OT Prod verification'!B5 -> Mock General 978 | G98: ='OT Prod verification'!B8 -> Mock General 981 | H98: ='OT Prod verification'!B9 -> Mock General 982 | I98: OT Prod verification'!A1
B99: WP4.1. | C99: Pre-serial phase activities | D99: ='OS Prod Improvement'!B1 -> Product improvement | E99: ='OS Prod Improvement'!B4 -> Mock General 987 | F99: ='OS Prod Improvement'!B5 -> Mock General 988 | G99: ='OS Prod Improvement'!B8 -> Mock General 991 | H99: ='OS Prod Improvement'!B9 -> Mock General 992 | I99: OS Prod Improvement
B100: WP4.1. | C100: Pre-serial phase activities | D100: ='OS Proc Improvement'!B1 -> Process verification & improvement | E100: ='OS Proc Improvement'!B4 -> Mock General 997 | F100: ='OS Proc Improvement'!B5 -> Mock General 998 | G100: ='OS Proc Improvement'!B8 -> Mock General 1001 | H100: ='OS Proc Improvement'!B9 -> Mock General 1002 | I100: OS Proc Improvement
...

Sheet WP1.1. PJ PREP
A1: WP 1.1. | B1: Project Management preparation
A2: ='Instr. template'!A2 -> Objective | B2: Mock General 001
A3: ='Instr. template'!A3 -> Input | B3: Mock General 002
A4: ='Instr. template'!A4 -> Responsible | B4: Mock General 003
A5: ='Instr. template'!A5 -> Support/Attendees | B5: Mock General 004
A6: ='Instr. template'!A6 -> How to do | B6: Mock General 005
A7: ='Instr. template'!A7 -> Assessment | B7: Mock General 006
A8: ='Instr. template'!A8 -> Output | B8: Mock General 007
A9: ='Instr. template'!A9 -> Signatures | B9: Mock General 008
A10: ='Instr. template'!A10 -> Special cases | B10: Mock General 009
A11: List of tasks | B11: Mock General 010
B12: Mock General 011
B13: Mock General 012
B14: Mock General 013
B15: Mock General 014
A16: Version number | B16: Mock General 015

Sheet Quotation transfer
A1: Task | B1: Transfer from quotation to project
A2: ='Instr. template'!A2 -> Objective | B2: Mock General 016
A3: ='Instr. template'!A3 -> Input | B3: Mock General 017
A4: ='Instr. template'!A4 -> Responsible | B4: Mock General 018
A5: ='Instr. template'!A5 -> Support/Attendees | B5: Mock General 019
A6: ='Instr. template'!A6 -> How to do | B6: Mock General 020
A7: ='Instr. template'!A7 -> Assessment | B7: Mock General 021
A8: ='Instr. template'!A8 -> Output | B8: Mock General 022
A9: ='Instr. template'!A9 -> Signatures | B9: Mock General 023
A10: ='Instr. template'!A10 -> Special cases | B10: Mock General 024
A11: Version number | B11: Mock General 025

Sheet Draft Timing
A1: Task | B1: Define preliminary timing
A2: ='Instr. template'!A2 -> Objective | B2: Mock General 026
A3: ='Instr. template'!A3 -> Input | B3: Mock General 027
A4: ='Instr. template'!A4 -> Responsible | B4: Mock General 028
A5: ='Instr. template'!A5 -> Support/Attendees | B5: Mock General 029
A6: ='Instr. template'!A6 -> How to do | B6: Mock General 030
A7: ='Instr. template'!A7 -> Assessment | B7: Mock General 031
A8: ='Instr. template'!A8 -> Output | B8: Mock General 032
A9: ='Instr. template'!A9 -> Signatures | B9: Mock General 033
A10: ='Instr. template'!A10 -> Special cases | B10: Mock General 034
A11: ='Instr. template'!A11 -> Version number | B11: Mock General 035

Sheet Team & Resources
A1: Task | B1: Define and confirm team members and resources
A2: ='Instr. template'!A2 -> Objective | B2: Mock General 036
A3: ='Instr. template'!A3 -> Input | B3: Mock General 037
A4: ='Instr. template'!A4 -> Responsible | B4: Mock General 038
A5: ='Instr. template'!A5 -> Support/Attendees | B5: Mock General 039
A6: ='Instr. template'!A6 -> How to do | B6: Mock General 040
A7: ='Instr. template'!A7 -> Assessment | B7: Mock General 041
A8: ='Instr. template'!A8 -> Output | B8: Mock General 042
A9: ='Instr. template'!A9 -> Signatures | B9: Mock General 043
A10: ='Instr. template'!A10 -> Special cases | B10: Mock General 044
A11: ='Instr. template'!A11 -> Version number | B11: Mock General 045

Sheet Softwares
A1: Task | B1: Initiate softwares
A2: ='Instr. template'!A2 -> Objective | B2: Mock General 046
A3: ='Instr. template'!A3 -> Input | B3: Mock General 047
A4: ='Instr. template'!A4 -> Responsible | B4: Mock General 048
A5: ='Instr. template'!A5 -> Support/Attendees | B5: Mock General 049
A6: ='Instr. template'!A6 -> How to do | B6: Mock General 050
A7: ='Instr. template'!A7 -> Assessment | B7: Mock General 051
A8: ='Instr. template'!A8 -> Output | B8: Mock General 052
A9: ='Instr. template'!A9 -> Signatures | B9: Mock General 053
A10: ='Instr. template'!A10 -> Special cases | B10: Mock General 054
A11: ='Instr. template'!A11 -> Version number | B11: Mock General 055

Sheet Proj Data Draft
A1: Task | B1: Prepare preliminary project data and targets
A2: ='Instr. template'!A2 -> Objective | B2: Mock General 056
A3: ='Instr. template'!A3 -> Input | B3: Mock General 057
A4: ='Instr. template'!A4 -> Responsible | B4: Mock General 058
A5: ='Instr. template'!A5 -> Support/Attendees | B5: Mock General 059
A6: ='Instr. template'!A6 -> How to do | B6: Mock General 060
A7: ='Instr. template'!A7 -> Assessment | B7: Mock General 061
A8: ='Instr. template'!A8 -> Output | B8: Mock General 062
A9: ='Instr. template'!A9 -> Signatures | B9: Mock General 063
A10: ='Instr. template'!A10 -> Special cases | B10: Mock General 064
A11: ='Instr. template'!A11 -> Version number | B11: Mock General 065

Sheet ph1 m1. PJ K-OFF
A1: M1 | B1: Project Kick-off
A2: Objective | B2: Mock General 066
A3: Input | B3: Mock General 067
A4: Responsible | B4: Mock General 068
A5: Support/Attendees | B5: Mock General 069
A6: How to do | B6: Mock General 070
A7: Assessment | B7: Mock General 071
A8: Output | B8: Mock General 072
A9: Signatures | B9: Mock General 073
A10: Special cases | B10: Mock General 074
A11: List of tasks | B11: Mock General 075.1
B12: Mock General 075.2
B13: Mock General 075.3
A14: Version number | B14: Mock General 076

Sheet Risk mgt Ph1
A1: Task | B1: Risk Management
A2: ='Instr. template'!A2 -> Objective | B2: Mock General 077
A3: ='Instr. template'!A3 -> Input | B3: Mock General 078
A4: ='Instr. template'!A4 -> Responsible | B4: Mock General 079
A5: ='Instr. template'!A5 -> Support/Attendees | B5: Mock General 080
A6: ='Instr. template'!A6 -> How to do | B6: Mock General 081
A7: ='Instr. template'!A7 -> Assessment | B7: Mock General 082
A8: ='Instr. template'!A8 -> Output | B8: Mock General 083
A9: ='Instr. template'!A9 -> Signatures | B9: Mock General 084
A10: ='Instr. template'!A10 -> Special cases | B10: Mock General 085
A11: ='Instr. template'!A11 -> Version number | B11: Mock General 086

Sheet Proj Data Ph1
A1: Task | B1: Target Data Confirmation
A2: ='Instr. template'!A2 -> Objective | B2: Mock General 087
A3: ='Instr. template'!A3 -> Input | B3: Mock General 088
A4: ='Instr. template'!A4 -> Responsible | B4: Mock General 089
A5: ='Instr. template'!A5 -> Support/Attendees | B5: Mock General 090
A6: ='Instr. template'!A6 -> How to do | B6: Mock General 091
A7: ='Instr. template'!A7 -> Assessment | B7: Mock General 092
A8: ='Instr. template'!A8 -> Output | B8: Mock General 093
A9: ='Instr. template'!A9 -> Signatures | B9: Mock General 094
A10: ='Instr. template'!A10 -> Special cases | B10: Mock General 095
A11: ='Instr. template'!A11 -> Version number | B11: Mock General 096

Sheet LLC Ph1
A1: Task | B1: Identify the reference projects
A2: ='Instr. template'!A2 -> Objective | B2: Mock General 097
A3: ='Instr. template'!A3 -> Input | B3: Mock General 098
A4: ='Instr. template'!A4 -> Responsible | B4: Mock General 099
A5: ='Instr. template'!A5 -> Support/Attendees | B5: Mock General 100
A6: ='Instr. template'!A6 -> How to do | B6: Mock General 101
A7: ='Instr. template'!A7 -> Assessment | B7: Mock General 102
A8: ='Instr. template'!A8 -> Output | B8: Mock General 103
A9: ='Instr. template'!A9 -> Signatures | B9: Mock General 104
A10: ='Instr. template'!A10 -> Special cases | B10: Mock General 105
A11: ='Instr. template'!A11 -> Version number | B11: Mock General 106

Sheet WP Proto tool pha
A1: WP | B1: Prototype tool phase
A2: ='[1]Instr. template'!A2 -> Objective | B2: Mock General 107
A3: ='[1]Instr. template'!A3 -> Input | B3: Mock General 108
A4: ='[1]Instr. template'!A4 -> Responsible | B4: Mock General 109
A5: ='[1]Instr. template'!A5 -> Support/Attendees | B5: Mock General 110
A6: ='[1]Instr. template'!A6 -> How to do | B6: Mock General 111
A7: ='[1]Instr. template'!A7 -> Assessment | B7: Mock General 112
A8: ='[1]Instr. template'!A8 -> Output | B8: Mock General 113
A9: ='[1]Instr. template'!A9 -> Signatures | B9: Mock General 114
A10: ='[1]Instr. template'!A10 -> Special cases | B10: Mock General 115
A11: ='[1]Instr. template'!A11 -> Version number | B11: Mock General 116

Sheet proto_customer req
A1: Task | B1: Get customer information and requirements
A2: Objective | B2: Mock General 117
A3: Input | B3: Mock General 118
A4: Responsible | B4: Mock General 119
A5: Support/Attendees | B5: Mock General 120
A6: How to do | B6: Mock General 121
A7: Assessment | B7: Mock General 122
A8: Output | B8: Mock General 123
A9: Signatures | B9: Mock General 124
A10: Special cases | B10: Mock General 125
A11: Version number | B11: Mock General 126

Sheet Proto fea_Risk analysis
A1: Task | B1: Prototype Feasibility & Risk Analysis
A2: Objective | B2: Mock General 127
A3: Input | B3: Mock General 128
A4: Responsible | B4: Mock General 129
A5: Support/Attendees | B5: Mock General 130
A6: How to do | B6: Mock General 131
A7: Assessment | B7: Mock General 132
A8: Output | B8: Mock General 133
A9: Signatures | B9: Mock General 134
A10: Special cases | B10: Mock General 135
A11: Version number | B11: Mock General 136

Sheet 3D def
A1: Task | B1: 3D data proto definition
A2: Objective | B2: Mock General 137
A3: Input | B3: Mock General 138
A4: Responsible | B4: Mock General 139
A5: Support/Attendees | B5: Mock General 140
A6: How to do | B6: Mock General 141
A7: Assessment | B7: Mock General 142
A8: Output | B8: Mock General 143
A9: Signatures | B9: Mock General 144
A10: Special cases | B10: Mock General 145
A11: Version number | B11: Mock General 146

Sheet Proto constr
A1: Task | B1: Proto tool construction
A2: Objective | B2: Mock General 147
A3: Input | B3: Mock General 148
A4: Responsible | B4: Mock General 149
A5: Support/Attendees | B5: Mock General 150
A6: How to do | B6: Mock General 151
A7: Assessment | B7: Mock General 152
A8: Output | B8: Mock General 153
A9: Signatures | B9: Mock General 154
A10: Special cases | B10: Mock General 155
A11: Version number | B11: Mock General 156

Sheet Process jigs
A1: Task | B1: Process Proto jigs Construction
A2: Objective | B2: Mock General 157
A3: Input | B3: Mock General 158
A4: Responsible | B4: Mock General 159
A5: Support/Attendees | B5: Mock General 160
A6: How to do | B6: Mock General 161
A7: Assessment | B7: Mock General 162
A8: Output | B8: Mock General 163
A9: Signatures | B9: Mock General 164
A10: Special cases | B10: Mock General 165
A11: Version number | B11: Mock General 166

Sheet material supply
A1: Task | B1: Material supply
A2: Objective | B2: Mock General 167
A3: Input | B3: Mock General 168
A4: Responsible | B4: Mock General 169
A5: Support/Attendees | B5: Mock General 170
A6: How to do | B6: Mock General 171
A7: Assessment | B7: Mock General 172
A8: Output | B8: Mock General 173
A9: Signatures | B9: Mock General 174
A10: Special cases | B10: Mock General 175
A11: Version number | B11: Mock General 176

Sheet proto mfg_prodimprov
A1: Task | B1: Proto parts Manufacturing & Product improvement
A2: Objective | B2: Mock General 177
A3: Input | B3: Mock General 178
A4: Responsible | B4: Mock General 179
A5: Support/Attendees | B5: Mock General 180
A6: How to do | B6: Mock General 181
A7: Assessment | B7: Mock General 182
A8: Output | B8: Mock General 183
A9: Signatures | B9: Mock General 184
A10: Special cases | B10: Mock General 185
A11: Version number | B11: Mock General 186

Sheet proto_verif_val
A1: Task | B1: Prototypes verification/Validation - DV
A2: ='Instr. template'!A2 -> Objective | B2: Mock General 187
A3: ='Instr. template'!A3 -> Input | B3: Mock General 188
A4: ='Instr. template'!A4 -> Responsible | B4: Mock General 189
A5: ='Instr. template'!A5 -> Support/Attendees | B5: Mock General 190
A6: ='Instr. template'!A6 -> How to do | B6: Mock General 191
A7: ='Instr. template'!A7 -> Assessment | B7: Mock General 192
A8: ='Instr. template'!A8 -> Output | B8: Mock General 193
A9: ='Instr. template'!A9 -> Signatures | B9: Mock General 194
A10: ='Instr. template'!A10 -> Special cases | B10: Mock General 195
A11: ='Instr. template'!A11 -> Version number | B11: Mock General 196

Sheet design val_proto
A1: Task | B1: Design validation for serial product
A2: Objective | B2: Mock General 197
A3: Input | B3: Mock General 198
A4: Responsible | B4: Mock General 199
A5: Support/Attendees | B5: Mock General 200
A6: How to do | B6: Mock General 201
A7: Assessment | B7: Mock General 202
A8: Output | B8: Mock General 203
A9: Signatures | B9: Mock General 204
A10: Special cases | B10: Mock General 205
A11: Version number | B11: Mock General 206

Sheet WP2.1. PD DEF
A1: WP 2.1. | B1: Product definition
A2: ='Instr. template'!A2 -> Objective | B2: Mock General 207
A3: ='Instr. template'!A3 -> Input | B3: Mock General 208
A4: ='Instr. template'!A4 -> Responsible | B4: Mock General 209
A5: ='Instr. template'!A5 -> Support/Attendees | B5: Mock General 210
A6: ='Instr. template'!A6 -> How to do | B6: Mock General 211
A7: ='Instr. template'!A7 -> Assessment | B7: Mock General 212
A8: ='Instr. template'!A8 -> Output | B8: Mock General 213
A9: ='Instr. template'!A9 -> Signatures | B9: Mock General 214
A10: ='Instr. template'!A10 -> Special cases | B10: Mock General 215
A11: List of tasks | B11: Mock General 216.1
B12: Mock General 216.2
B13: Mock General 216.3
B14: Mock General 216.4
B15: Mock General 216.5
B16: Mock General 216.6
B17: Mock General 216.7
B18: Mock General 216.8
B19: Mock General 216.9
B20: Mock General 216.10
B21: Mock General 216.11
B22: Mock General 216.12
A23: Version number | B23: Mock General 217

Sheet Prod requirements
A1: Task | B1: Get customer information and requirements
A2: Objective | B2: Mock General 217
A3: Input | B3: Mock General 218
A4: Responsible | B4: Mock General 219
A5: Support/Attendees | B5: Mock General 220
A6: How to do | B6: Mock General 221
A7: Assessment | B7: Mock General 222
A8: Output | B8: Mock General 223
A9: Signatures | B9: Mock General 224
A10: Special cases | B10: Mock General 225
A11: Version number | B11: Mock General 226

Sheet Prod Feasibility
A1: Task | B1: Product Feasibility
A2: Objective | B2: Mock General 227
A3: Input | B3: Mock General 228
A4: Responsible | B4: Mock General 229
A5: Support/Attendees | B5: Mock General 230
A6: How to do | B6: Mock General 231
A7: Assessment | B7: Mock General 232
A8: Output | B8: Mock General 233
A9: Signatures | B9: Mock General 234
A10: Special cases | B10: Mock General 235
A11: Version number | B11: Mock General 236

Sheet Style Frozen
A1: Task | B1: Style frozen
A2: Objective | B2: Mock General 237
A3: Input | B3: Mock General 238
A4: Responsible | B4: Mock General 239
A5: Support/Attendees | B5: Mock General 240
A6: How to do | B6: Mock General 241
A7: Assessment | B7: Mock General 242
A8: Output | B8: Mock General 243
A9: Signatures | B9: Mock General 244
A10: Special cases | B10: Mock General 245
A11: Version number | B11: Mock General 246

Sheet FEA
A1: Task | B1: FEA validation
A2: ='Instr. template'!A2 -> Objective | B2: Mock General 247
A3: ='Instr. template'!A3 -> Input | B3: Mock General 248
A4: ='Instr. template'!A4 -> Responsible | B4: Mock General 249
A5: ='Instr. template'!A5 -> Support/Attendees | B5: Mock General 250
A6: ='Instr. template'!A6 -> How to do | B6: Mock General 251
A7: ='Instr. template'!A7 -> Assessment | B7: Mock General 252
A8: ='Instr. template'!A8 -> Output | B8: Mock General 253
A9: ='Instr. template'!A9 -> Signatures | B9: Mock General 254
A10: ='Instr. template'!A10 -> Special cases | B10: Mock General 255
A11: ='Instr. template'!A11 -> Version number | B11: Mock General 256

Sheet Purchase elements def
A1: Task | B1: Purchase elements definition
A2: ='Instr. template'!A2 -> Objective | B2: Mock General 257
A3: ='Instr. template'!A3 -> Input | B3: Mock General 258
A4: ='Instr. template'!A4 -> Responsible | B4: Mock General 259
A5: ='Instr. template'!A5 -> Support/Attendees | B5: Mock General 260
A6: ='Instr. template'!A6 -> How to do | B6: Mock General 261
A7: ='Instr. template'!A7 -> Assessment | B7: Mock General 262
A8: ='Instr. template'!A8 -> Output | B8: Mock General 263
A9: ='Instr. template'!A9 -> Signatures | B9: Mock General 264
A10: ='Instr. template'!A10 -> Special cases | B10: Mock General 265
A11: ='Instr. template'!A11 -> Version number | B11: Mock General 266

Sheet DFMEA
A1: Task | B1: DFMEA and related activities
A2: ='Instr. template'!A2 -> Objective | B2: Mock General 267
A3: ='Instr. template'!A3 -> Input | B3: Mock General 268
A4: ='Instr. template'!A4 -> Responsible | B4: Mock General 269
A5: ='Instr. template'!A5 -> Support/Attendees | B5: Mock General 270
A6: ='Instr. template'!A6 -> How to do | B6: Mock General 271
A7: ='Instr. template'!A7 -> Assessment | B7: Mock General 272
A8: ='Instr. template'!A8 -> Output | B8: Mock General 273
A9: ='Instr. template'!A9 -> Signatures | B9: Mock General 274
A10: ='Instr. template'!A10 -> Special cases | B10: Mock General 275
A11: ='Instr. template'!A11 -> Version number | B11: Mock General 276

Sheet 3D
A1: Task | B1: 3D data submission
A2: ='[2]Instr. template'!A2 -> Objective | B2: Mock General 277
A3: ='[2]Instr. template'!A3 -> Input | B3: Mock General 278
A4: ='[2]Instr. template'!A4 -> Responsible | B4: Mock General 279
A5: ='[2]Instr. template'!A5 -> Support/Attendees | B5: Mock General 280
A6: ='[2]Instr. template'!A6 -> How to do | B6: Mock General 281
A7: ='[2]Instr. template'!A7 -> Assessment | B7: Mock General 282
A8: ='[2]Instr. template'!A8 -> Output | B8: Mock General 283
A9: ='[2]Instr. template'!A9 -> Signatures | B9: Mock General 284
A10: ='[2]Instr. template'!A10 -> Special cases | B10: Mock General 285
A11: ='[2]Instr. template'!A11 -> Version number | B11: Mock General 286

Sheet DWG
A1: Task | B1: Drawings definition
A2: ='[2]Instr. template'!A2 -> Objective | B2: Mock General 287
A3: ='[2]Instr. template'!A3 -> Input | B3: Mock General 288
A4: ='[2]Instr. template'!A4 -> Responsible | B4: Mock General 289
A5: ='[2]Instr. template'!A5 -> Support/Attendees | B5: Mock General 290
A6: ='[2]Instr. template'!A6 -> How to do | B6: Mock General 291
A7: ='[2]Instr. template'!A7 -> Assessment | B7: Mock General 292
A8: ='[2]Instr. template'!A8 -> Output | B8: Mock General 293
A9: ='[2]Instr. template'!A9 -> Signatures | B9: Mock General 294
A10: ='[2]Instr. template'!A10 -> Special cases | B10: Mock General 295
A11: ='[2]Instr. template'!A11 -> Version number | B11: Mock General 296

Sheet 3D Approval
A1: Task | B1: Client approval (3D)
A2: ='Instr. template'!A2 -> Objective | B2: Mock General 297
A3: ='Instr. template'!A3 -> Input | B3: Mock General 298
A4: ='Instr. template'!A4 -> Responsible | B4: Mock General 299
A5: ='Instr. template'!A5 -> Support/Attendees | B5: Mock General 300
A6: ='Instr. template'!A6 -> How to do | B6: Mock General 301
A7: ='Instr. template'!A7 -> Assessment | B7: Mock General 302
A8: ='Instr. template'!A8 -> Output | B8: Mock General 303
A9: ='Instr. template'!A9 -> Signatures | B9: Mock General 304
A10: ='Instr. template'!A10 -> Special cases | B10: Mock General 305
A11: ='Instr. template'!A11 -> Version number | B11: Mock General 306

Sheet Drawing Approval
A1: Task | B1: Client approval (Drawing)
A2: ='Instr. template'!A2 -> Objective | B2: Mock General 307
A3: ='Instr. template'!A3 -> Input | B3: Mock General 308
A4: ='Instr. template'!A4 -> Responsible | B4: Mock General 309
A5: ='Instr. template'!A5 -> Support/Attendees | B5: Mock General 310
A6: ='Instr. template'!A6 -> How to do | B6: Mock General 311
A7: ='Instr. template'!A7 -> Assessment | B7: Mock General 312
A8: ='Instr. template'!A8 -> Output | B8: Mock General 313
A9: ='Instr. template'!A9 -> Signatures | B9: Mock General 314
A10: ='Instr. template'!A10 -> Special cases | B10: Mock General 315
A11: ='Instr. template'!A11 -> Version number | B11: Mock General 316

Sheet Validation Plan
A1: Task | B1: Define validation plan
A2: ='Instr. template'!A2 -> Objective | B2: Mock General 317
A3: ='Instr. template'!A3 -> Input | B3: Mock General 318
A4: ='Instr. template'!A4 -> Responsible | B4: Mock General 319
A5: ='Instr. template'!A5 -> Support/Attendees | B5: Mock General 320
A6: ='Instr. template'!A6 -> How to do | B6: Mock General 321
A7: ='Instr. template'!A7 -> Assessment | B7: Mock General 322
A8: ='Instr. template'!A8 -> Output | B8: Mock General 323
A9: ='Instr. template'!A9 -> Signatures | B9: Mock General 324
A10: ='Instr. template'!A10 -> Special cases | B10: Mock General 325
A11: ='Instr. template'!A11 -> Version number | B11: Mock General 326

Sheet Component Feasibility
A1: Task | B1: Confirm purchasing feasibility components & packaging
A2: ='Instr. template'!A2 -> Objective | B2: Mock General 327
A3: ='Instr. template'!A3 -> Input | B3: Mock General 328
A4: ='Instr. template'!A4 -> Responsible | B4: Mock General 329
A5: ='Instr. template'!A5 -> Support/Attendees | B5: Mock General 330
A6: ='Instr. template'!A6 -> How to do | B6: Mock General 331
A7: ='Instr. template'!A7 -> Assessment | B7: Mock General 332
A8: ='Instr. template'!A8 -> Output | B8: Mock General 333
A9: ='Instr. template'!A9 -> Signatures | B9: Mock General 334
A10: ='Instr. template'!A10 -> Special cases | B10: Mock General 335
A11: ='Instr. template'!A11 -> Version number | B11: Mock General 336

Sheet Material Feasibility
A1: Task | B1: Confirm material feasibility
A2: ='Instr. template'!A2 -> Objective | B2: Mock General 337
A3: ='Instr. template'!A3 -> Input | B3: Mock General 338
A4: ='Instr. template'!A4 -> Responsible | B4: Mock General 339
A5: ='Instr. template'!A5 -> Support/Attendees | B5: Mock General 340
A6: ='Instr. template'!A6 -> How to do | B6: Mock General 341
A7: ='Instr. template'!A7 -> Assessment | B7: Mock General 342
A8: ='Instr. template'!A8 -> Output | B8: Mock General 343
A9: ='Instr. template'!A9 -> Signatures | B9: Mock General 344
A10: ='Instr. template'!A10 -> Special cases | B10: Mock General 345
A11: ='Instr. template'!A11 -> Version number | B11: Mock General 346

Sheet Inks Feasibility
A1: Task | B1: Confirm purchasing feasibility inks and paints
A2: ='Instr. template'!A2 -> Objective | B2: Mock General 347
A3: ='Instr. template'!A3 -> Input | B3: Mock General 348
A4: ='Instr. template'!A4 -> Responsible | B4: Mock General 349
A5: ='Instr. template'!A5 -> Support/Attendees | B5: Mock General 350
A6: ='Instr. template'!A6 -> How to do | B6: Mock General 351
A7: ='Instr. template'!A7 -> Assessment | B7: Mock General 352
A8: ='Instr. template'!A8 -> Output | B8: Mock General 353
A9: ='Instr. template'!A9 -> Signatures | B9: Mock General 354
A10: ='Instr. template'!A10 -> Special cases | B10: Mock General 355
A11: ='Instr. template'!A11 -> Version number | B11: Mock General 356

Sheet WP2.2. PC DEF
A1: WP2.2. | B1: Process definition
A2: ='Instr. template'!A2 -> Objective | B2: Mock General 357
A3: ='Instr. template'!A3 -> Input | B3: Mock General 358
A4: ='Instr. template'!A4 -> Responsible | B4: Mock General 359
A5: ='Instr. template'!A5 -> Support/Attendees | B5: Mock General 360
A6: ='Instr. template'!A6 -> How to do | B6: Mock General 361
A7: ='Instr. template'!A7 -> Assessment | B7: Mock General 362
A8: ='Instr. template'!A8 -> Output | B8: Mock General 363.1 | C8: Mock General 363.2
A9: ='Instr. template'!A9 -> Signatures | B9: Mock General 364
A10: ='Instr. template'!A10 -> Special cases | B10: Mock General 365
A11: List of achievements | B11: Mock General 366.1
B12: Mock General 366.2
B13: Mock General 366.3
B14: Mock General 366.4
B15: Mock General 366.5
B16: Mock General 366.6
B17: Mock General 366.7
B18: Mock General 366.8
A19: Version number | B19: Mock General 367

Sheet Initial Proc Data
A1: Task | B1: Fill-in "Process Master Data" file
A2: ='Instr. template'!A2 -> Objective | B2: Mock General 368
A3: ='Instr. template'!A3 -> Input | B3: Mock General 369
A4: ='Instr. template'!A4 -> Responsible | B4: Mock General 370
A5: ='Instr. template'!A5 -> Support/Attendees | B5: Mock General 371
A6: ='Instr. template'!A6 -> How to do | B6: Mock General 372
A7: ='Instr. template'!A7 -> Assessment | B7: Mock General 373
A8: ='Instr. template'!A8 -> Output | B8: Mock General 374
A9: ='Instr. template'!A9 -> Signatures | B9: Mock General 375
A10: ='Instr. template'!A10 -> Special cases | B10: Mock General 376
A11: ='Instr. template'!A11 -> Version number | B11: Mock General 377

Sheet EOL RF
A1: Task | B1: EOL RF/optics/heating machine definition
A2: ='Instr. template'!A2 -> Objective | B2: Mock General 378
A3: ='Instr. template'!A3 -> Input | B3: Mock General 379
A4: ='Instr. template'!A4 -> Responsible | B4: Mock General 380
A5: ='Instr. template'!A5 -> Support/Attendees | B5: Mock General 381
A6: ='Instr. template'!A6 -> How to do | B6: Mock General 382
A7: ='Instr. template'!A7 -> Assessment | B7: Mock General 383
A8: ='Instr. template'!A8 -> Output | B8: Mock General 384
A9: ='Instr. template'!A9 -> Signatures | B9: Mock General 385
A10: ='Instr. template'!A10 -> Special cases | B10: Mock General 386
A11: ='Instr. template'!A11 -> Version number | B11: Mock General 387

Sheet Potential Flows
A1: Task | B1: Definition of possible manufacturing flow charts
A2: ='Instr. template'!A2 -> Objective | B2: Mock General 388
A3: ='Instr. template'!A3 -> Input | B3: Mock General 389
A4: ='Instr. template'!A4 -> Responsible | B4: Mock General 390
A5: ='Instr. template'!A5 -> Support/Attendees | B5: Mock General 391
A6: ='Instr. template'!A6 -> How to do | B6: Mock General 392
A7: ='Instr. template'!A7 -> Assessment | B7: Mock General 393
A8: ='Instr. template'!A8 -> Output | B8: Mock General 394
A9: ='Instr. template'!A9 -> Signatures | B9: Mock General 395
A10: ='Instr. template'!A10 -> Special cases | B10: Mock General 396
A11: ='Instr. template'!A11 -> Version number | B11: Mock General 397

Sheet Flow Decision
A1: Task | B1: Election of the optimal flow chart
A2: ='Instr. template'!A2 -> Objective | B2: Mock General 398
A3: ='Instr. template'!A3 -> Input | B3: Mock General 399
A4: ='Instr. template'!A4 -> Responsible | B4: Mock General 400
A5: ='Instr. template'!A5 -> Support/Attendees | B5: Mock General 401
A6: ='Instr. template'!A6 -> How to do | B6: Mock General 402
A7: ='Instr. template'!A7 -> Assessment | B7: Mock General 403
A8: ='Instr. template'!A8 -> Output | B8: Mock General 404
A9: ='Instr. template'!A9 -> Signatures | B9: Mock General 405
A10: ='Instr. template'!A10 -> Special cases | B10: Mock General 406
A11: ='Instr. template'!A11 -> Version number | B11: Mock General 407

Sheet Proc needs
A1: Task | B1: Identification of process needs
A2: ='Instr. template'!A2 -> Objective | B2: Mock General 408
A3: ='Instr. template'!A3 -> Input | B3: Mock General 409
A4: ='Instr. template'!A4 -> Responsible | B4: Mock General 410
A5: ='Instr. template'!A5 -> Support/Attendees | B5: Mock General 411
A6: ='Instr. template'!A6 -> How to do | B6: Mock General 412
A7: ='Instr. template'!A7 -> Assessment | B7: Mock General 413
A8: ='Instr. template'!A8 -> Output | B8: Mock General 414
A9: ='Instr. template'!A9 -> Signatures | B9: Mock General 415
A10: ='Instr. template'!A10 -> Special cases | B10: Mock General 416
A11: ='Instr. template'!A11 -> Version number | B11: Mock General 417

Sheet Proc Quality
A1: Task | B1: Confirm the process meets requirements
A2: ='Instr. template'!A2 -> Objective | B2: Mock General 418
A3: ='Instr. template'!A3 -> Input | B3: Mock General 419
A4: ='Instr. template'!A4 -> Responsible | B4: Mock General 420
A5: ='Instr. template'!A5 -> Support/Attendees | B5: Mock General 421
A6: ='Instr. template'!A6 -> How to do | B6: Mock General 422
A7: ='Instr. template'!A7 -> Assessment | B7: Mock General 423
A8: ='Instr. template'!A8 -> Output | B8: Mock General 424
A9: ='Instr. template'!A9 -> Signatures | B9: Mock General 425
A10: ='Instr. template'!A10 -> Special cases | B10: Mock General 426
A11: ='Instr. template'!A11 -> Version number | B11: Mock General 427

Sheet LaunchCP
A1: Task | B1: Launch Control Plan/Product Master Data
A2: ='[3]Instr. template'!A2 -> Objective | B2: Mock General 428
A3: ='[3]Instr. template'!A3 -> Input | B3: Mock General 429
A4: ='[3]Instr. template'!A4 -> Responsible | B4: Mock General 430
A5: ='[3]Instr. template'!A5 -> Support/Attendees | B5: Mock General 431
A6: ='[3]Instr. template'!A6 -> How to do | B6: Mock General 432
A7: ='[3]Instr. template'!A7 -> Assessment | B7: Mock General 433
A8: ='[3]Instr. template'!A8 -> Output | B8: Mock General 434
A9: ='[3]Instr. template'!A9 -> Signatures | B9: Mock General 435
A10: ='[3]Instr. template'!A10 -> Special cases | B10: Mock General 436
A11: ='[3]Instr. template'!A11 -> Version number | B11: Mock General 437

Sheet Proc Criteria
A1: Task | B1: Definition of acceptance criteria for process approval
A2: Objective | B2: Mock General 438
A3: Input | B3: Mock General 439
A4: Responsible | B4: Mock General 440
A5: Support | B5: Mock General 441
A6: How to do | B6: Mock General 442
A7: Assessment | B7: Mock General 443
A8: Output | B8: Mock General 444
A9: Signatures | B9: Mock General 445
A10: Special cases | B10: Mock General 446
A11: Version number | B11: Mock General 447

Sheet FMEA
A1: Task | B1: Process FMEA
A2: ='Instr. template'!A2 -> Objective | B2: Mock General 448
A3: ='Instr. template'!A3 -> Input | B3: Mock General 449
A4: ='Instr. template'!A4 -> Responsible | B4: Mock General 450
A5: ='Instr. template'!A5 -> Support/Attendees | B5: Mock General 451
A6: ='Instr. template'!A6 -> How to do | B6: Mock General 452
A7: ='Instr. template'!A7 -> Assessment | B7: Mock General 453
A8: ='Instr. template'!A8 -> Output | B8: Mock General 454
A9: ='Instr. template'!A9 -> Signatures | B9: Mock General 455
A10: ='Instr. template'!A10 -> Special cases | B10: Mock General 456
A11: ='Instr. template'!A11 -> Version number | B11: Mock General 457

Sheet Conditions
A1: Task | B1: Elaboration of specific technical conditions for equipments and RFQs
A2: ='Instr. template'!A2 -> Objective | B2: Mock General 458
A3: ='Instr. template'!A3 -> Input | B3: Mock General 459
A4: ='Instr. template'!A4 -> Responsible | B4: Mock General 460
A5: ='Instr. template'!A5 -> Support/Attendees | B5: Mock General 461
A6: ='Instr. template'!A6 -> How to do | B6: Mock General 462
A7: ='Instr. template'!A7 -> Assessment | B7: Mock General 463
A8: ='Instr. template'!A8 -> Output | B8: Mock General 464
A9: ='Instr. template'!A9 -> Signatures | B9: Mock General 465
A10: ='Instr. template'!A10 -> Special cases | B10: Mock General 466
A11: ='Instr. template'!A11 -> Version number | B11: Mock General 467

Sheet WP2.3 PJ FEA
A1: WP2.3. | B1: Project feasibility
A2: ='Instr. template'!A2 -> Objective | B2: Mock General 468
A3: ='Instr. template'!A3 -> Input | B3: Mock General 469
A4: ='Instr. template'!A4 -> Responsible | B4: Mock General 470
A5: ='Instr. template'!A5 -> Support/Attendees | B5: Mock General 471
A6: ='Instr. template'!A6 -> How to do | B6: Mock General 472
A7: ='Instr. template'!A7 -> Assessment | B7: Mock General 473
A8: ='Instr. template'!A8 -> Output | B8: Mock General 474
A9: ='Instr. template'!A9 -> Signatures | B9: Mock General 475
A10: ='Instr. template'!A10 -> Special cases | B10: Mock General 476
A11: List of tasks | B11: Mock General 477.1
B12: Mock General 477.2
B13: Mock General 477.3
B14: Mock General 477.4
A15: Version number | B15: Mock General 478

Sheet Workshop
A1: Task | B1: Workshop to agree on Product/Process Design
A2: Objective | B2: Mock General 479
A3: Input | B3: Mock General 480
A4: Responsible | B4: Mock General 481
A5: Support/Attendees | B5: Mock General 482
A6: How to do | B6: Mock General 483
A7: Assessment | B7: Mock General 484
A8: Output | B8: Mock General 485
A9: Signatures | B9: Mock General 486
A10: Special cases | B10: Mock General 487
A11: Version number | B11: Mock General 488

Sheet Plant Capacity
A1: Task | B1: Confirm plant feasibility
A2: ='Instr. template'!A2 -> Objective | B2: Mock General 489
A3: ='Instr. template'!A3 -> Input | B3: Mock General 490
A4: ='Instr. template'!A4 -> Responsible | B4: Mock General 491
A5: ='Instr. template'!A5 -> Support/Attendees | B5: Mock General 492
A6: ='Instr. template'!A6 -> How to do | B6: Mock General 493
A7: ='Instr. template'!A7 -> Assessment | B7: Mock General 494
A8: ='Instr. template'!A8 -> Output | B8: Mock General 495
A9: ='Instr. template'!A9 -> Signatures | B9: Mock General 496
A10: ='Instr. template'!A10 -> Special cases | B10: Mock General 497
A11: ='Instr. template'!A11 -> Version number | B11: Mock General 498

Sheet Draft Packaging
A1: Task | B1: Confirm Draft Mass Production Packaging
A2: ='Instr. template'!A2 -> Objective | B2: Mock General 499
A3: ='Instr. template'!A3 -> Input | B3: Mock General 500
A4: ='Instr. template'!A4 -> Responsible | B4: Mock General 501
A5: ='Instr. template'!A5 -> Support/Attendees | B5: Mock General 502
A6: ='Instr. template'!A6 -> How to do | B6: Mock General 503
A7: ='Instr. template'!A7 -> Assessment | B7: Mock General 504
A8: ='Instr. template'!A8 -> Output | B8: Mock General 505
A9: ='Instr. template'!A9 -> Signatures | B9: Mock General 506
A10: ='Instr. template'!A10 -> Special cases | B10: Mock General 507
A11: ='Instr. template'!A11 -> Version number | B11: Mock General 508

Sheet Logistic Feasibility
A1: Task | B1: Confirm Logistics feasibility
A2: ='Instr. template'!A2 -> Objective | B2: Mock General 509
A3: ='Instr. template'!A3 -> Input | B3: Mock General 510
A4: ='Instr. template'!A4 -> Responsible | B4: Mock General 511
A5: ='Instr. template'!A5 -> Support/Attendees | B5: Mock General 512
A6: ='Instr. template'!A6 -> How to do | B6: Mock General 513
A7: ='Instr. template'!A7 -> Assessment | B7: Mock General 514
A8: ='Instr. template'!A8 -> Output | B8: Mock General 515
A9: ='Instr. template'!A9 -> Signatures | B9: Mock General 516
A10: ='Instr. template'!A10 -> Special cases | B10: Mock General 517
A11: ='Instr. template'!A11 -> Version number | B11: Mock General 518

Sheet RegLaws
A1: Task | B1: Confirm Regulations, Laws and Special Customer Characteristics
A2: ='Instr. template'!A2 -> Objective | B2: Mock General 519
A3: ='Instr. template'!A3 -> Input | B3: Mock General 520
A4: ='Instr. template'!A4 -> Responsible | B4: Mock General 521
A5: ='Instr. template'!A5 -> Support/Attendees | B5: Mock General 522
A6: ='Instr. template'!A6 -> How to do | B6: Mock General 523
A7: ='Instr. template'!A7 -> Assessment | B7: Mock General 524
A8: ='Instr. template'!A8 -> Output | B8: Mock General 525
A9: ='Instr. template'!A9 -> Signatures | B9: Mock General 526
A10: ='Instr. template'!A10 -> Special cases | B10: Mock General 527
A11: ='Instr. template'!A11 -> Version number | B11: Mock General 528

Sheet WP2.4 RF FEA
A1: WP2.4. | B1: RF feasibility confirmation
A2: Objective | B2: Mock General 529
A3: Input | B3: Mock General 530
A4: Responsible | B4: Mock General 531
A5: Support/Attendees | B5: Mock General 532
A6: How to do | B6: Mock General 533
A7: Assessment | B7: Mock General 534
A8: Output | B8: Mock General 535
A9: Signatures | B9: Mock General 536
A10: Special cases | B10: Mock General 537
A11: List of tasks | B11: Mock General 538.1
B12: Mock General 538.2
B13: Mock General 538.3
A16: Version number

Sheet Requirements RF
A1: Task | B1: Initial RF requirement analysis
A2: ='Instr. template'!A2 -> Objective | B2: Mock General 539
A3: ='Instr. template'!A3 -> Input | B3: Mock General 540
A4: ='Instr. template'!A4 -> Responsible | B4: Mock General 541
A5: ='Instr. template'!A5 -> Support/Attendees | B5: Mock General 542
A6: ='Instr. template'!A6 -> How to do | B6: Mock General 543
A7: ='Instr. template'!A7 -> Assessment | B7: Mock General 544
A8: ='Instr. template'!A8 -> Output | B8: Mock General 545
A9: ='Instr. template'!A9 -> Signatures | B9: Mock General 546
A10: ='Instr. template'!A10 -> Special cases | B10: Mock General 547
A11: ='Instr. template'!A11 -> Version number | B11: Mock General 548

Sheet CalcThick-3D-RFsimulation
A1: Task | B1: Calculate thickness +3D + RF simulation
A2: ='Instr. template'!A2 -> Objective | B2: Mock General 549
A3: ='Instr. template'!A3 -> Input | B3: Mock General 550
A4: ='Instr. template'!A4 -> Responsible | B4: Mock General 551
A5: ='Instr. template'!A5 -> Support/Attendees | B5: Mock General 552
A6: ='Instr. template'!A6 -> How to do | B6: Mock General 553
A7: ='Instr. template'!A7 -> Assessment | B7: Mock General 554
A8: ='Instr. template'!A8 -> Output | B8: Mock General 555
A9: ='Instr. template'!A9 -> Signatures | B9: Mock General 556
A10: ='Instr. template'!A10 -> Special cases | B10: Mock General 557
A11: ='Instr. template'!A11 -> Version number | B11: Mock General 558

Sheet Proto validation
A1: Task | B1: Confirm RF performance on functional prototypes
A2: ='Instr. template'!A2 -> Objective | B2: Mock General 559
A3: ='Instr. template'!A3 -> Input | B3: Mock General 560
A4: ='Instr. template'!A4 -> Responsible | B4: Mock General 561
A5: ='Instr. template'!A5 -> Support/Attendees | B5: Mock General 562
A6: ='Instr. template'!A6 -> How to do | B6: Mock General 563
A7: ='Instr. template'!A7 -> Assessment | B7: Mock General 564
A8: ='Instr. template'!A8 -> Output | B8: Mock General 565
A9: ='Instr. template'!A9 -> Signatures | B9: Mock General 566
A10: ='Instr. template'!A10 -> Special cases | B10: Mock General 567
A11: ='Instr. template'!A11 -> Version number | B11: Mock General 568

Sheet WP2.5HEAT FEA
A1: WP2.5. | B1: Heating feasibility confirmation
A2: Objective | B2: Mock General 569
A3: Input | B3: Mock General 570
A4: Responsible | B4: Mock General 571
A5: Support/Attendees | B5: Mock General 572
A6: How to do | B6: Mock General 573
A7: Assessment | B7: Mock General 574
A8: Output | B8: Mock General 575
A9: Signatures | B9: Mock General 576
A10: Special cases | B10: Mock General 577
A11: List of tasks | B11: Mock General 578.1
B12: Mock General 578.2
A16: Version number

Sheet Heat Req
A1: Task | B1: Initial heating requirement analysis
A2: ='Instr. template'!A2 -> Objective | B2: Mock General 579
A3: ='Instr. template'!A3 -> Input | B3: Mock General 580
A4: ='Instr. template'!A4 -> Responsible | B4: Mock General 581
A5: ='Instr. template'!A5 -> Support/Attendees | B5: Mock General 582
A6: ='Instr. template'!A6 -> How to do | B6: Mock General 583
A7: ='Instr. template'!A7 -> Assessment | B7: Mock General 584
A8: ='Instr. template'!A8 -> Output | B8: Mock General 585
A9: ='Instr. template'!A9 -> Signatures | B9: Mock General 586
A10: ='Instr. template'!A10 -> Special cases | B10: Mock General 587
A11: ='Instr. template'!A11 -> Version number | B11: Mock General 588

Sheet Design heat
A1: Task | B1: Design heating proposal
A2: Objective | B2: Mock General 589
A3: Input | B3: Mock General 590
A4: Responsible | B4: Mock General 591
A5: Support/Attendees | B5: Mock General 592
A6: How to do | B6: Mock General 593
A7: Assessment | B7: Mock General 594
A8: Output | B8: Mock General 595
A9: Signatures | B9: Mock General 596
A10: Special cases | B10: Mock General 597
A11: Version number | B11: Mock General 598

Sheet WP2.6 Illum fea
A1: WP2.6 | B1: Illumination feasibility confirmation
A2: Objective | B2: Mock General 599
A3: Input | B3: Mock General 600
A4: Responsible | B4: Mock General 601
A5: Support/Attendees | B5: Mock General 602
A6: How to do | B6: Mock General 603
A7: Assessment | B7: Mock General 604
A8: Output | B8: Mock General 605
A9: Signatures | B9: Mock General 606
A10: Special cases | B10: Mock General 607
A11: List of tasks | B11: Mock General 608.1
B12: Mock General 608.2
B13: Mock General 608.3
A16: Version number

Sheet Optical req
A1: Task | B1: Initial optical requirement analysis
A2: ='Instr. template'!A2 -> Objective | B2: Mock General 609
A3: ='Instr. template'!A3 -> Input | B3: Mock General 610
A4: ='Instr. template'!A4 -> Responsible | B4: Mock General 611
A5: ='Instr. template'!A5 -> Support/Attendees | B5: Mock General 612
A6: ='Instr. template'!A6 -> How to do | B6: Mock General 613
A7: ='Instr. template'!A7 -> Assessment | B7: Mock General 614
A8: ='Instr. template'!A8 -> Output | B8: Mock General 615
A9: ='Instr. template'!A9 -> Signatures | B9: Mock General 616
A10: ='Instr. template'!A10 -> Special cases | B10: Mock General 617
A11: ='Instr. template'!A11 -> Version number | B11: Mock General 618

Sheet illum
A1: Task | B1: 3D + optical simulation
A2: Objective | B2: Mock General 619
A3: Input | B3: Mock General 620
A4: Responsible | B4: Mock General 621
A5: Support/Attendees | B5: Mock General 622
A6: How to do | B6: Mock General 623
A7: Assessment | B7: Mock General 624
A8: Output | B8: Mock General 625
A9: Signatures | B9: Mock General 626
A10: Special cases | B10: Mock General 627
A11: Version number | B11: Mock General 628

Sheet val proto
A1: Task | B1: Confirm illumination performance on prototypes
A2: ='Instr. template'!A2 -> Objective | B2: Mock General 629
A3: ='Instr. template'!A3 -> Input | B3: Mock General 630
A4: ='Instr. template'!A4 -> Responsible | B4: Mock General 631
A5: ='Instr. template'!A5 -> Support/Attendees | B5: Mock General 632
A6: ='Instr. template'!A6 -> How to do | B6: Mock General 633
A7: ='Instr. template'!A7 -> Assessment | B7: Mock General 634
A8: ='Instr. template'!A8 -> Output | B8: Mock General 635
A9: ='Instr. template'!A9 -> Signatures | B9: Mock General 636
A10: ='Instr. template'!A10 -> Special cases | B10: Mock General 637
A11: ='Instr. template'!A11 -> Version number | B11: Mock General 638

Sheet ph2 m2. INV AGR
A1: M2 | B1: Investment agreement
A2: ='Instr. template'!A2 -> Objective | B2: Mock General 639
A3: ='Instr. template'!A3 -> Input | B3: Mock General 640
A4: ='Instr. template'!A4 -> Responsible | B4: Mock General 641
A5: ='Instr. template'!A5 -> Support/Attendees | B5: Mock General 642
A6: ='Instr. template'!A6 -> How to do | B6: Mock General 643
A7: ='Instr. template'!A7 -> Assessment | B7: Mock General 644
A8: ='Instr. template'!A8 -> Output | B8: Mock General 645
A9: ='Instr. template'!A9 -> Signatures | B9: Mock General 646
A10: ='Instr. template'!A10 -> Special cases | B10: Mock General 647
A11: List of tasks | B11: Mock General 648.1
B12: Mock General 648.2
B13: Mock General 648.3
B14: Mock General 648.4
B15: Mock General 648.5
A16: Version number | B16: Mock General 649

Sheet Proj Data Ph2
A1: Task | B1: Confirm/Update project targets and ERP
A2: ='Instr. template'!A2 -> Objective | B2: Mock General 650
A3: ='Instr. template'!A3 -> Input | B3: Mock General 651
A4: ='Instr. template'!A4 -> Responsible | B4: Mock General 652
A5: ='Instr. template'!A5 -> Support/Attendees | B5: Mock General 653
A6: ='Instr. template'!A6 -> How to do | B6: Mock General 654
A7: ='Instr. template'!A7 -> Assessment | B7: Mock General 655
A8: ='Instr. template'!A8 -> Output | B8: Mock General 656
A9: ='Instr. template'!A9 -> Signatures | B9: Mock General 657
A10: ='Instr. template'!A10 -> Special cases | B10: Mock General 658
A11: ='Instr. template'!A11 -> Version number | B11: Mock General 659

Sheet Customer TO
A1: Task | B1: Confirm Customer Tooling Agreement
A2: ='Instr. template'!A2 -> Objective | B2: Mock General 660
A3: ='Instr. template'!A3 -> Input | B3: Mock General 661
A4: ='Instr. template'!A4 -> Responsible | B4: Mock General 662
A5: ='Instr. template'!A5 -> Support/Attendees | B5: Mock General 663
A6: ='Instr. template'!A6 -> How to do | B6: Mock General 664
A7: ='Instr. template'!A7 -> Assessment | B7: Mock General 665
A8: ='Instr. template'!A8 -> Output | B8: Mock General 666
A9: ='Instr. template'!A9 -> Signatures | B9: Mock General 667
A10: ='Instr. template'!A10 -> Special cases | B10: Mock General 668
A11: ='Instr. template'!A11 -> Version number | B11: Mock General 669

Sheet Risk mgt Ph2
A1: Task | B1: Risk Management
A2: ='Instr. template'!A2 -> Objective | B2: Mock General 670
A3: ='Instr. template'!A3 -> Input | B3: Mock General 671
A4: ='Instr. template'!A4 -> Responsible | B4: Mock General 672
A5: ='Instr. template'!A5 -> Support/Attendees | B5: Mock General 673
A6: ='Instr. template'!A6 -> How to do | B6: Mock General 674
A7: ='Instr. template'!A7 -> Assessment | B7: Mock General 675
A8: ='Instr. template'!A8 -> Output | B8: Mock General 676
A9: ='Instr. template'!A9 -> Signatures | B9: Mock General 677
A10: ='Instr. template'!A10 -> Special cases | B10: Mock General 678
A11: ='Instr. template'!A11 -> Version number | B11: Mock General 679

Sheet P&P history Ph2
A1: Task | B1: Initialize product/process history
A2: ='Instr. template'!A2 -> Objective | B2: Mock General 680
A3: ='Instr. template'!A3 -> Input | B3: Mock General 681
A4: ='Instr. template'!A4 -> Responsible | B4: Mock General 682
A5: ='Instr. template'!A5 -> Support/Attendees | B5: Mock General 683
A6: ='Instr. template'!A6 -> How to do | B6: Mock General 684
A7: ='Instr. template'!A7 -> Assessment | B7: Mock General 685
A8: ='Instr. template'!A8 -> Output | B8: Mock General 686
A9: ='Instr. template'!A9 -> Signatures | B9: Mock General 687
A10: ='Instr. template'!A10 -> Special cases | B10: Mock General 688
A11: ='Instr. template'!A11 -> Version number | B11: Mock General 689

Sheet WP3.1. PUR COMP
A1: WP 3.1. | B1: Purchase Commodities suppliers' project
A2: ='Instr. template'!A2 -> Objective | B2: Mock General 690
A3: ='Instr. template'!A3 -> Input | B3: Mock General 691
A4: ='Instr. template'!A4 -> Responsible | B4: Mock General 692
A5: ='Instr. template'!A5 -> Support/Attendees | B5: Mock General 693
A6: ='Instr. template'!A6 -> How to do | B6: Mock General 694
A7: ='Instr. template'!A7 -> Assessment | B7: Mock General 695
A8: ='Instr. template'!A8 -> Output | B8: Mock General 696
A9: ='Instr. template'!A9 -> Signatures | B9: Mock General 697
A10: ='Instr. template'!A10 -> Special cases | B10: Mock General 698
B11: Mock General 699.1
A12: List of tasks | B12: Mock General 699.2
B13: Mock General 699.3
B14: Mock General 699.4
B15: Mock General 699.5
A16: Version number | B16: Mock General 700

Sheet Purch nominations
A1: Task | B1: Get purchasing quotation&nomination
A2: ='Instr. template'!A2 -> Objective | B2: Mock General 701
A3: ='Instr. template'!A3 -> Input | B3: Mock General 702
A4: ='Instr. template'!A4 -> Responsible | B4: Mock General 703
A5: ='Instr. template'!A5 -> Support/Attendees | B5: Mock General 704
A6: ='Instr. template'!A6 -> How to do | B6: Mock General 705
A7: ='Instr. template'!A7 -> Assessment | B7: Mock General 706
A8: ='Instr. template'!A8 -> Output | B8: Mock General 707
A9: ='Instr. template'!A9 -> Signatures | B9: Mock General 708
A10: ='Instr. template'!A10 -> Special cases | B10: Mock General 709
A11: ='Instr. template'!A11 -> Version number | B11: Mock General 710

Sheet Purch components
A1: Task | B1: Purchase components
A2: ='Instr. template'!A2 -> Objective | B2: Mock General 711
A3: ='Instr. template'!A3 -> Input | B3: Mock General 712
A4: ='Instr. template'!A4 -> Responsible | B4: Mock General 713
A5: ='Instr. template'!A5 -> Support/Attendees | B5: Mock General 714
A6: ='Instr. template'!A6 -> How to do | B6: Mock General 715
A7: ='Instr. template'!A7 -> Assessment | B7: Mock General 716
A8: ='Instr. template'!A8 -> Output | B8: Mock General 717
A9: ='Instr. template'!A9 -> Signatures | B9: Mock General 718
A10: ='Instr. template'!A10 -> Special cases | B10: Mock General 719
A11: ='Instr. template'!A11 -> Version number | B11: Mock General 720

Sheet Purch inks
A1: Task | B1: Purchase inks and paints
A2: ='Instr. template'!A2 -> Objective | B2: Mock General 721
A3: ='Instr. template'!A3 -> Input | B3: Mock General 722
A4: ='Instr. template'!A4 -> Responsible | B4: Mock General 723
A5: ='Instr. template'!A5 -> Support/Attendees | B5: Mock General 724
A6: ='Instr. template'!A6 -> How to do | B6: Mock General 725
A7: ='Instr. template'!A7 -> Assessment | B7: Mock General 726
A8: ='Instr. template'!A8 -> Output | B8: Mock General 727
A9: ='Instr. template'!A9 -> Signatures | B9: Mock General 728
A10: ='Instr. template'!A10 -> Special cases | B10: Mock General 729
A11: ='Instr. template'!A11 -> Version number | B11: Mock General 730

Sheet Ppackaging
A1: Task | B1: Get mass production and alternative packaging
A2: ='Instr. template'!A2 -> Objective | B2: Mock General 731
A3: ='Instr. template'!A3 -> Input | B3: Mock General 732
A4: ='Instr. template'!A4 -> Responsible | B4: Mock General 733
A5: ='Instr. template'!A5 -> Support/Attendees | B5: Mock General 734
A6: ='Instr. template'!A6 -> How to do | B6: Mock General 735
A7: ='Instr. template'!A7 -> Assessment | B7: Mock General 736
A8: ='Instr. template'!A8 -> Output | B8: Mock General 737
A9: ='Instr. template'!A9 -> Signatures | B9: Mock General 738
A10: ='Instr. template'!A10 -> Special cases | B10: Mock General 739
A11: ='Instr. template'!A11 -> Version number | B11: Mock General 740

Sheet SupplierTO
A1: Task | B1: Suppliers' tooling orders
A2: ='Instr. template'!A2 -> Objective | B2: Mock General 741
A3: ='Instr. template'!A3 -> Input | B3: Mock General 742
A4: ='Instr. template'!A4 -> Responsible | B4: Mock General 743
A5: ='Instr. template'!A5 -> Support/Attendees | B5: Mock General 744
A6: ='Instr. template'!A6 -> How to do | B6: Mock General 745
A7: ='Instr. template'!A7 -> Assessment | B7: Mock General 746
A8: ='Instr. template'!A8 -> Output | B8: Mock General 747
A9: ='Instr. template'!A9 -> Signatures | B9: Mock General 748
A10: ='Instr. template'!A10 -> Special cases | B10: Mock General 749
A11: ='Instr. template'!A11 -> Version number | B11: Mock General 750

Sheet WP3.2. MLD MFG
A1: WP 3.2. | B1: Mould manufacturing
A2: ='Instr. template'!A2 -> Objective | B2: Mock General 751
A3: ='Instr. template'!A3 -> Input | B3: Mock General 752
A4: ='Instr. template'!A4 -> Responsible | B4: Mock General 753
A5: ='Instr. template'!A5 -> Support/Attendees | B5: Mock General 754
A6: ='Instr. template'!A6 -> How to do | B6: Mock General 755
A7: ='Instr. template'!A7 -> Assessment | B7: Mock General 756
A8: ='Instr. template'!A8 -> Output | B8: Mock General 757
A9: ='Instr. template'!A9 -> Signatures | B9: Mock General 758
A10: ='Instr. template'!A10 -> Special cases | B10: Mock General 759
A11: List of tasks | B11: Mock General 760.1
B12: Mock General 760.2
B13: Mock General 760.3
B14: Mock General 760.4
B15: Mock General 760.5
B16: Mock General 760.6
B17: Mock General 760.7
B18: Mock General 760.8
A19: Version number | B19: Mock General 761

Sheet Pre-allocateTM
A1: Task | B1: Pre-allocate mould to toolmaker
A2: ='Instr. template'!A2 -> Objective | B2: Mock General 762
A3: ='Instr. template'!A3 -> Input | B3: Mock General 763
A4: ='Instr. template'!A4 -> Responsible | B4: Mock General 764
A5: ='Instr. template'!A5 -> Support/Attendees | B5: Mock General 765
A6: ='Instr. template'!A6 -> How to do | B6: Mock General 766
A7: ='Instr. template'!A7 -> Assessment | B7: Mock General 767
A8: ='Instr. template'!A8 -> Output | B8: Mock General 768
A9: ='Instr. template'!A9 -> Signatures | B9: Mock General 769
A10: ='Instr. template'!A10 -> Special cases | B10: Mock General 770
A11: ='Instr. template'!A11 -> Version number | B11: Mock General 771

Sheet Mould design
A1: Task | B1: Validate mould design
A2: ='Instr. template'!A2 -> Objective | B2: Mock General 772
A3: ='Instr. template'!A3 -> Input | B3: Mock General 773
A4: ='Instr. template'!A4 -> Responsible | B4: Mock General 774
A5: ='Instr. template'!A5 -> Support/Attendees | B5: Mock General 775
A6: ='Instr. template'!A6 -> How to do | B6: Mock General 776
A7: ='Instr. template'!A7 -> Assessment | B7: Mock General 777
A8: ='Instr. template'!A8 -> Output | B8: Mock General 778
A9: ='Instr. template'!A9 -> Signatures | B9: Mock General 779
A10: ='Instr. template'!A10 -> Special cases | B10: Mock General 780
A11: ='Instr. template'!A11 -> Version number | B11: Mock General 781

Sheet Mould contract
A1: Task | B1: Mould contract/Toolmaker allocation
A2: ='Instr. template'!A2 -> Objective | B2: Mock General 782
A3: ='Instr. template'!A3 -> Input | B3: Mock General 783
A4: ='Instr. template'!A4 -> Responsible | B4: Mock General 784
A5: ='Instr. template'!A5 -> Support/Attendees | B5: Mock General 785
A6: ='Instr. template'!A6 -> How to do | B6: Mock General 786
A7: ='Instr. template'!A7 -> Assessment | B7: Mock General 787
A8: ='Instr. template'!A8 -> Output | B8: Mock General 788
A9: ='Instr. template'!A9 -> Signatures | B9: Mock General 789
A10: ='Instr. template'!A10 -> Special cases | B10: Mock General 790
A11: ='Instr. template'!A11 -> Version number | B11: Mock General 791

Sheet Steel Components
A1: Task | B1: Authorize steel and mould components purchase
A2: ='Instr. template'!A2 -> Objective | B2: Mock General 792
A3: ='Instr. template'!A3 -> Input | B3: Mock General 793
A4: ='Instr. template'!A4 -> Responsible | B4: Mock General 794
A5: ='Instr. template'!A5 -> Support/Attendees | B5: Mock General 795
A6: ='Instr. template'!A6 -> How to do | B6: Mock General 796
A7: ='Instr. template'!A7 -> Assessment | B7: Mock General 797
A8: ='Instr. template'!A8 -> Output | B8: Mock General 798
A9: ='Instr. template'!A9 -> Signatures | B9: Mock General 799
A10: ='Instr. template'!A10 -> Special cases | B10: Mock General 800
A11: ='Instr. template'!A11 -> Version number | B11: Mock General 801

Sheet Mould Go-Construction
A1: Task | B1: Tool construction/machining go-ahead
A2: ='Instr. template'!A2 -> Objective | B2: Mock General 802
A3: ='Instr. template'!A3 -> Input | B3: Mock General 803
A4: ='Instr. template'!A4 -> Responsible | B4: Mock General 804
A5: ='Instr. template'!A5 -> Support/Attendees | B5: Mock General 805
A6: ='Instr. template'!A6 -> How to do | B6: Mock General 806
A7: ='Instr. template'!A7 -> Assessment | B7: Mock General 807
A8: ='Instr. template'!A8 -> Output | B8: Mock General 808
A9: ='Instr. template'!A9 -> Signatures | B9: Mock General 809
A10: ='Instr. template'!A10 -> Special cases | B10: Mock General 810
A11: ='Instr. template'!A11 -> Version number | B11: Mock General 811

Sheet Mould Follow
A1: Task | B1: Tool construction follow up
A2: ='Instr. template'!A2 -> Objective | B2: Mock General 812
A3: ='Instr. template'!A3 -> Input | B3: Mock General 813
A4: ='Instr. template'!A4 -> Responsible | B4: Mock General 814
A5: ='Instr. template'!A5 -> Support/Attendees | B5: Mock General 815
A6: ='Instr. template'!A6 -> How to do | B6: Mock General 816
A7: ='Instr. template'!A7 -> Assessment | B7: Mock General 817
A8: ='Instr. template'!A8 -> Output | B8: Mock General 818
A9: ='Instr. template'!A9 -> Signatures | B9: Mock General 819
A10: ='Instr. template'!A10 -> Special cases | B10: Mock General 820
A11: ='Instr. template'!A11 -> Version number | B11: Mock General 821

Sheet Mould Go-Transfer
A1: Task | B1: Trials, corrections and adjustments and transfer go-ahead
A2: ='Instr. template'!A2 -> Objective | B2: Mock General 822
A3: ='Instr. template'!A3 -> Input | B3: Mock General 823
A4: ='Instr. template'!A4 -> Responsible | B4: Mock General 824
A5: ='Instr. template'!A5 -> Support/Attendees | B5: Mock General 825
A6: ='Instr. template'!A6 -> How to do | B6: Mock General 826
A7: ='Instr. template'!A7 -> Assessment | B7: Mock General 827
A8: ='Instr. template'!A8 -> Output | B8: Mock General 828
A9: ='Instr. template'!A9 -> Signatures | B9: Mock General 829
A10: ='Instr. template'!A10 -> Special cases | B10: Mock General 830
A11: ='Instr. template'!A11 -> Version number | B11: Mock General 831

Sheet Mould Arrival
A1: Task | B1: Mould arrival to production site
A2: ='Instr. template'!A2 -> Objective | B2: Mock General 832
A3: ='Instr. template'!A3 -> Input | B3: Mock General 833
A4: ='Instr. template'!A4 -> Responsible | B4: Mock General 834
A5: ='Instr. template'!A5 -> Support/Attendees | B5: Mock General 835
A6: ='Instr. template'!A6 -> How to do | B6: Mock General 836
A7: ='Instr. template'!A7 -> Assessment | B7: Mock General 837
A8: ='Instr. template'!A8 -> Output | B8: Mock General 838
A9: ='Instr. template'!A9 -> Signatures | B9: Mock General 839
A10: ='Instr. template'!A10 -> Special cases | B10: Mock General 840
A11: ='Instr. template'!A11 -> Version number | B11: Mock General 841

Sheet WP3.3. WST MFG
A1: WP 3.3. | B1: Working station manufacturing
A2: ='Instr. template'!A2 -> Objective | B2: Mock General 842
A3: ='Instr. template'!A3 -> Input | B3: Mock General 843
A4: ='Instr. template'!A4 -> Responsible | B4: Mock General 844
A5: ='Instr. template'!A5 -> Support/Attendees | B5: Mock General 845
A6: ='Instr. template'!A6 -> How to do | B6: Mock General 846
A7: ='Instr. template'!A7 -> Assessment | B7: Mock General 847
A8: ='Instr. template'!A8 -> Output | B8: Mock General 848
A9: ='Instr. template'!A9 -> Signatures | B9: Mock General 849
A10: ='Instr. template'!A10 -> Special cases | B10: Mock General 850
A11: List of tasks | B11: Mock General 851.1
B12: Mock General 851.2
B13: Mock General 851.3
A14: Version number | B14: Mock General 852

Sheet WKS K-OFF
A1: Task | B1: Supplier nomination, investment and orders
A2: ='Instr. template'!A2 -> Objective | B2: Mock General 853
A3: ='Instr. template'!A3 -> Input | B3: Mock General 854
A4: ='Instr. template'!A4 -> Responsible | B4: Mock General 855
A5: ='Instr. template'!A5 -> Support/Attendees | B5: Mock General 856
A6: ='Instr. template'!A6 -> How to do | B6: Mock General 857
A7: ='Instr. template'!A7 -> Assessment | B7: Mock General 858
A8: ='Instr. template'!A8 -> Output | B8: Mock General 859
A9: ='Instr. template'!A9 -> Signatures | B9: Mock General 860
A10: ='Instr. template'!A10 -> Special cases | B10: Mock General 861
A11: ='Instr. template'!A11 -> Version number | B11: Mock General 862

Sheet WKS Go-Transfer
A1: Task | B1: Complete mechanical design, construction and validation of the machine in supplier's facilities
A2: ='Instr. template'!A2 -> Objective | B2: Mock General 863
A3: ='Instr. template'!A3 -> Input | B3: Mock General 864
A4: ='Instr. template'!A4 -> Responsible | B4: Mock General 865
A5: ='Instr. template'!A5 -> Support/Attendees | B5: Mock General 866
A6: ='Instr. template'!A6 -> How to do | B6: Mock General 867
A7: ='Instr. template'!A7 -> Assessment | B7: Mock General 868
A8: ='Instr. template'!A8 -> Output | B8: Mock General 869
A9: ='Instr. template'!A9 -> Signatures | B9: Mock General 870
A10: ='Instr. template'!A10 -> Special cases | B10: Mock General 871
A11: ='Instr. template'!A11 -> Version number | B11: Mock General 872

Sheet WKS installation
A1: Task | B1: Installation and validation of the equipment in Zanini
A2: ='Instr. template'!A2 -> Objective | B2: Mock General 873
A3: ='Instr. template'!A3 -> Input | B3: Mock General 874
A4: ='Instr. template'!A4 -> Responsible | B4: Mock General 875
A5: ='Instr. template'!A5 -> Support/Attendees | B5: Mock General 876
A6: ='Instr. template'!A6 -> How to do | B6: Mock General 877
A7: ='Instr. template'!A7 -> Assessment | B7: Mock General 878
A8: ='Instr. template'!A8 -> Output | B8: Mock General 879
A9: ='Instr. template'!A9 -> Signatures | B9: Mock General 880
A10: ='Instr. template'!A10 -> Special cases | B10: Mock General 881
A11: ='Instr. template'!A11 -> Version number | B11: Mock General 882

Sheet WP3.4. Q EQUIP
A1: WP 3.4. | B1: Quality Equipment and testing jigs manufacturing
A2: ='Instr. template'!A2 -> Objective | B2: Mock General 883
A3: ='Instr. template'!A3 -> Input | B3: Mock General 884
A4: ='Instr. template'!A4 -> Responsible | B4: Mock General 885
A5: ='Instr. template'!A5 -> Support/Attendees | B5: Mock General 886
A6: ='Instr. template'!A6 -> How to do | B6: Mock General 887
A7: ='Instr. template'!A7 -> Assessment | B7: Mock General 888
A8: ='Instr. template'!A8 -> Output | B8: Mock General 889
A9: ='Instr. template'!A9 -> Signatures | B9: Mock General 890
A10: ='Instr. template'!A10 -> Special cases | B10: Mock General 891
A11: List of tasks | B11: Mock General 892.1
B12: Mock General 892.2
B13: Mock General 892.3
B14: Mock General 892.4
B15: Mock General 892.5
B16: Mock General 892.6
A17: Version number | B17: Mock General 893

Sheet Q-Equip List
A1: Task | B1: List Consolidation and timming for construction
A2: ='Instr. template'!A2 -> Objective | B2: Mock General 894
A3: ='Instr. template'!A3 -> Input | B3: Mock General 895
A4: ='Instr. template'!A4 -> Responsible | B4: Mock General 896
A5: ='Instr. template'!A5 -> Support/Attendees | B5: Mock General 897
A6: ='Instr. template'!A6 -> How to do | B6: Mock General 898
A7: ='Instr. template'!A7 -> Assessment | B7: Mock General 899
A8: ='Instr. template'!A8 -> Output | B8: Mock General 900
A9: ='Instr. template'!A9 -> Signatures | B9: Mock General 901
A10: ='Instr. template'!A10 -> Special cases | B10: Mock General 902
A11: ='Instr. template'!A11 -> Version number | B11: Mock General 903

Sheet Q-Equip RFQ
A1: Task | B1: RFQ Preparation
A2: ='Instr. template'!A2 -> Objective | B2: Mock General 904
A3: ='Instr. template'!A3 -> Input | B3: Mock General 905
A4: ='Instr. template'!A4 -> Responsible | B4: Mock General 906
A5: ='Instr. template'!A5 -> Support/Attendees | B5: Mock General 907
A6: ='Instr. template'!A6 -> How to do | B6: Mock General 908
A7: ='Instr. template'!A7 -> Assessment | B7: Mock General 909
A8: ='Instr. template'!A8 -> Output | B8: Mock General 910
A9: ='Instr. template'!A9 -> Signatures | B9: Mock General 911
A10: ='Instr. template'!A10 -> Special cases | B10: Mock General 912
A11: ='Instr. template'!A11 -> Version number | B11: Mock General 913

Sheet Q-Equip Alloc
A1: Task | B1: Supplier Allocation
A2: ='Instr. template'!A2 -> Objective | B2: Mock General 914
A3: ='Instr. template'!A3 -> Input | B3: Mock General 915
A4: ='Instr. template'!A4 -> Responsible | B4: Mock General 916
A5: ='Instr. template'!A5 -> Support/Attendees | B5: Mock General 917
A6: ='Instr. template'!A6 -> How to do | B6: Mock General 918
A7: ='Instr. template'!A7 -> Assessment | B7: Mock General 919
A8: ='Instr. template'!A8 -> Output | B8: Mock General 920
A9: ='Instr. template'!A9 -> Signatures | B9: Mock General 921
A10: ='Instr. template'!A10 -> Special cases | B10: Mock General 922
A11: ='Instr. template'!A11 -> Version number | B11: Mock General 923

Sheet Q-Equip Construction
A1: Task | B1: Construction and Follow up
A2: ='Instr. template'!A2 -> Objective | B2: Mock General 924
A3: ='Instr. template'!A3 -> Input | B3: Mock General 925
A4: ='Instr. template'!A4 -> Responsible | B4: Mock General 926
A5: ='Instr. template'!A5 -> Support/Attendees | B5: Mock General 927
A6: ='Instr. template'!A6 -> How to do | B6: Mock General 928
A7: ='Instr. template'!A7 -> Assessment | B7: Mock General 929
A8: ='Instr. template'!A8 -> Output | B8: Mock General 930
A9: ='Instr. template'!A9 -> Signatures | B9: Mock General 931
A10: ='Instr. template'!A10 -> Special cases | B10: Mock General 932
A11: ='Instr. template'!A11 -> Version number | B11: Mock General 933

Sheet Q-Equip Validation
A1: Task | B1: Control equipment & Validation
A2: ='Instr. template'!A2 -> Objective | B2: Mock General 934
A3: ='Instr. template'!A3 -> Input | B3: Mock General 935
A4: ='Instr. template'!A4 -> Responsible | B4: Mock General 936
A5: ='Instr. template'!A5 -> Support/Attendees | B5: Mock General 937
A6: ='Instr. template'!A6 -> How to do | B6: Mock General 938
A7: ='Instr. template'!A7 -> Assessment | B7: Mock General 939
A8: ='Instr. template'!A8 -> Output | B8: Mock General 940
A9: ='Instr. template'!A9 -> Signatures | B9: Mock General 941
A10: ='Instr. template'!A10 -> Special cases | B10: Mock General 942
A11: ='Instr. template'!A11 -> Version number | B11: Mock General 943

Sheet Q-Equip methods
A1: Task | B1: Method and training
A2: ='Instr. template'!A2 -> Objective | B2: Mock General 944
A3: ='Instr. template'!A3 -> Input | B3: Mock General 945
A4: ='Instr. template'!A4 -> Responsible | B4: Mock General 946
A5: ='Instr. template'!A5 -> Support/Attendees | B5: Mock General 947
A6: ='Instr. template'!A6 -> How to do | B6: Mock General 948
A7: ='Instr. template'!A7 -> Assessment | B7: Mock General 949
A8: ='Instr. template'!A8 -> Output | B8: Mock General 950
A9: ='Instr. template'!A9 -> Signatures | B9: Mock General 951
A10: ='Instr. template'!A10 -> Special cases | B10: Mock General 952
A11: ='Instr. template'!A11 -> Version number | B11: Mock General 953

Sheet WP4.2. OFF-SITE
A1: WP 4.2. | B1: Pre-serial phase activities
A2: ='Instr. template'!A2 -> Objective | B2: Mock General 954
A3: ='Instr. template'!A3 -> Input | B3: Mock General 955
A4: ='Instr. template'!A4 -> Responsible | B4: Mock General 956
A5: ='Instr. template'!A5 -> Support/Attendees | B5: Mock General 957
A6: ='Instr. template'!A6 -> How to do | B6: Mock General 958
A7: ='Instr. template'!A7 -> Assessment | B7: Mock General 959
A8: ='Instr. template'!A8 -> Output | B8: Mock General 960
A9: ='Instr. template'!A9 -> Signatures | B9: Mock General 961
A10: ='Instr. template'!A10 -> Special cases | B10: Mock General 962
A11: List of tasks | B11: Mock General 963.1
B12: Mock General 963.2
B13: Mock General 963.3
B14: Mock General 963.4
B15: Mock General 963.5
B16: Mock General 963.6
B17: Mock General 963.7
B18: Mock General 963.8
B19: Mock General 963.9
A20: ='Instr. template'!A11 -> Version number | B20: Mock General 964

Sheet OS Trial Provisioning
A1: Task | B1: Provision for pre-serial activities
A2: ='Instr. template'!A2 -> Objective | B2: Mock General 965
A3: ='Instr. template'!A3 -> Input | B3: Mock General 966
A4: ='Instr. template'!A4 -> Responsible | B4: Mock General 967
A5: ='Instr. template'!A5 -> Support/Attendees | B5: Mock General 968
A6: ='Instr. template'!A6 -> How to do | B6: Mock General 969
A7: ='Instr. template'!A7 -> Assessment | B7: Mock General 970
A8: ='Instr. template'!A8 -> Output | B8: Mock General 971
A9: ='Instr. template'!A9 -> Signatures | B9: Mock General 972
A10: ='Instr. template'!A10 -> Special cases | B10: Mock General 973
A11: ='Instr. template'!A11 -> Version number | B11: Mock General 974

Sheet OT Prod verification
A1: Task | B1: Product verification
A2: ='Instr. template'!A2 -> Objective | B2: Mock General 975
A3: ='Instr. template'!A3 -> Input | B3: Mock General 976
A4: ='Instr. template'!A4 -> Responsible | B4: Mock General 977
A5: ='Instr. template'!A5 -> Support/Attendees | B5: Mock General 978
A6: ='Instr. template'!A6 -> How to do | B6: Mock General 979
A7: ='Instr. template'!A7 -> Assessment | B7: Mock General 980
A8: ='Instr. template'!A8 -> Output | B8: Mock General 981
A9: ='Instr. template'!A9 -> Signatures | B9: Mock General 982
A10: ='Instr. template'!A10 -> Special cases | B10: Mock General 983
A11: ='Instr. template'!A11 -> Version number | B11: Mock General 984

Sheet OS Prod Improvement
A1: Task | B1: Product improvement
A2: ='Instr. template'!A2 -> Objective | B2: Mock General 985
A3: ='Instr. template'!A3 -> Input | B3: Mock General 986
A4: ='Instr. template'!A4 -> Responsible | B4: Mock General 987
A5: ='Instr. template'!A5 -> Support/Attendees | B5: Mock General 988
A6: ='Instr. template'!A6 -> How to do | B6: Mock General 989
A7: ='Instr. template'!A7 -> Assessment | B7: Mock General 990
A8: ='Instr. template'!A8 -> Output | B8: Mock General 991
A9: ='Instr. template'!A9 -> Signatures | B9: Mock General 992
A10: ='Instr. template'!A10 -> Special cases | B10: Mock General 993
A11: ='Instr. template'!A11 -> Version number | B11: Mock General 994

Sheet OS Proc Improvement
A1: Task | B1: Process verification & improvement
A2: ='Instr. template'!A2 -> Objective | B2: Mock General 995
A3: ='Instr. template'!A3 -> Input | B3: Mock General 996
A4: ='Instr. template'!A4 -> Responsible | B4: Mock General 997
A5: ='Instr. template'!A5 -> Support/Attendees | B5: Mock General 998
A6: ='Instr. template'!A6 -> How to do | B6: Mock General 999
A7: ='Instr. template'!A7 -> Assessment | B7: Mock General 1000
A8: ='Instr. template'!A8 -> Output | B8: Mock General 1001
A9: ='Instr. template'!A9 -> Signatures | B9: Mock General 1002
A10: ='Instr. template'!A10 -> Special cases | B10: Mock General 1003
A11: ='Instr. template'!A11 -> Version number | B11: Mock General 1004

Sheet OS vehicle builds
A1: Task | B1: Deliveries in pre-serial phase
A2: ='Instr. template'!A2 -> Objective | B2: Mock General 1005
A3: ='Instr. template'!A3 -> Input | B3: Mock General 1006
A4: ='Instr. template'!A4 -> Responsible | B4: Mock General 1007
A5: ='Instr. template'!A5 -> Support/Attendees | B5: Mock General 1008
A6: ='Instr. template'!A6 -> How to do | B6: Mock General 1009
A7: ='Instr. template'!A7 -> Assessment | B7: Mock General 1010
A8: ='Instr. template'!A8 -> Output | B8: Mock General 1011
A9: ='Instr. template'!A9 -> Signatures | B9: Mock General 1012
A10: ='Instr. template'!A10 -> Special cases | B10: Mock General 1013
A11: ='Instr. template'!A11 -> Version number | B11: Mock General 1014

Sheet OS PPAP
A1: Task | B1: IS & PPAP Submission
A2: ='Instr. template'!A2 -> Objective | B2: Mock General 1015
A3: ='Instr. template'!A3 -> Input | B3: Mock General 1016
A4: ='Instr. template'!A4 -> Responsible | B4: Mock General 1017
A5: ='Instr. template'!A5 -> Support/Attendees | B5: Mock General 1018
A6: ='Instr. template'!A6 -> How to do | B6: Mock General 1019
A7: ='Instr. template'!A7 -> Assessment | B7: Mock General 1020
A8: ='Instr. template'!A8 -> Output | B8: Mock General 1021.1 | C8: Mock General 1021.2
A9: ='Instr. template'!A9 -> Signatures | B9: Mock General 1022
A10: ='Instr. template'!A10 -> Special cases | B10: Mock General 1023
A11: ='Instr. template'!A11 -> Version number | B11: Mock General 1024

Sheet Logistic Readiness
A1: Task | B1: Logistics preparation
A2: ='Instr. template'!A2 -> Objective | B2: Mock General 1025
A3: ='Instr. template'!A3 -> Input | B3: Mock General 1026
A4: ='Instr. template'!A4 -> Responsible | B4: Mock General 1027
A5: ='Instr. template'!A5 -> Support/Attendees | B5: Mock General 1028
A6: ='Instr. template'!A6 -> How to do | B6: Mock General 1029
A7: ='Instr. template'!A7 -> Assessment | B7: Mock General 1030
A8: ='Instr. template'!A8 -> Output | B8: Mock General 1031
A9: ='Instr. template'!A9 -> Signatures | B9: Mock General 1032
A10: ='Instr. template'!A10 -> Special cases | B10: Mock General 1033
A11: ='Instr. template'!A11 -> Version number | B11: Mock General 1034

Sheet MP Packaging
A1: Task | B1: Validate mass production packaging
A2: ='Instr. template'!A2 -> Objective | B2: Mock General 1035
A3: ='Instr. template'!A3 -> Input | B3: Mock General 1036
A4: ='Instr. template'!A4 -> Responsible | B4: Mock General 1037
A5: ='Instr. template'!A5 -> Support/Attendees | B5: Mock General 1038
A6: ='Instr. template'!A6 -> How to do | B6: Mock General 1039
A7: ='Instr. template'!A7 -> Assessment | B7: Mock General 1040
A8: ='Instr. template'!A8 -> Output | B8: Mock General 1041
A9: ='Instr. template'!A9 -> Signatures | B9: Mock General 1042
A10: ='Instr. template'!A10 -> Special cases | B10: Mock General 1043
A11: ='Instr. template'!A11 -> Version number | B11: Mock General 1044

Sheet Maintenance
A1: Task | B1: Maintenance plan
A2: ='Instr. template'!A2 -> Objective | B2: Mock General 1045
A3: ='Instr. template'!A3 -> Input | B3: Mock General 1046
A4: ='Instr. template'!A4 -> Responsible | B4: Mock General 1047
A5: ='Instr. template'!A5 -> Support/Attendees | B5: Mock General 1048
A6: ='Instr. template'!A6 -> How to do | B6: Mock General 1049
A7: ='Instr. template'!A7 -> Assessment | B7: Mock General 1050
A8: ='Instr. template'!A8 -> Output | B8: Mock General 1051
A9: ='Instr. template'!A9 -> Signatures | B9: Mock General 1052
A10: ='Instr. template'!A10 -> Special cases | B10: Mock General 1053
A11: ='Instr. template'!A11 -> Version number | B11: Mock General 1054

Sheet Spare parts
A1: Task | B1: Define spare parts
A2: ='Instr. template'!A2 -> Objective | B2: Mock General 1055
A3: ='Instr. template'!A3 -> Input | B3: Mock General 1056
A4: ='Instr. template'!A4 -> Responsible | B4: Mock General 1057
A5: ='Instr. template'!A5 -> Support/Attendees | B5: Mock General 1058
A6: ='Instr. template'!A6 -> How to do | B6: Mock General 1059
A7: ='Instr. template'!A7 -> Assessment | B7: Mock General 1060
A8: ='Instr. template'!A8 -> Output | B8: Mock General 1061
A9: ='Instr. template'!A9 -> Signatures | B9: Mock General 1062
A10: ='Instr. template'!A10 -> Special cases | B10: Mock General 1063
A11: ='Instr. template'!A11 -> Version number | B11: Mock General 1064

Sheet Serie3
A1: Task | B1: Production Trial Run
A2: ='Instr. template'!A2 -> Objective | B2: Mock General 1065
A3: ='Instr. template'!A3 -> Input | B3: Mock General 1066
A4: ='Instr. template'!A4 -> Responsible | B4: Mock General 1067
A5: ='Instr. template'!A5 -> Support/Attendees | B5: Mock General 1068
A6: ='Instr. template'!A6 -> How to do | B6: Mock General 1069
A7: ='Instr. template'!A7 -> Assessment | B7: Mock General 1070
A8: ='Instr. template'!A8 -> Output | B8: Mock General 1071
A9: ='Instr. template'!A9 -> Signatures | B9: Mock General 1072
A10: ='Instr. template'!A10 -> Special cases | B10: Mock General 1073
A11: ='Instr. template'!A11 -> Version number | B11: Mock General 1074

Sheet WP.4.3 RF val
A1: WP 4.3. | B1: RF Validation
A2: Objective | B2: Mock General 1075
A3: Input | B3: Mock General 1076
A4: Responsible | B4: Mock General 1077
A5: Support/Attendees | B5: Mock General 1078
A6: How to do | B6: Mock General 1079
A7: Assessment | B7: Mock General 1080
A8: Output | B8: Mock General 1081
A9: Signatures | B9: Mock General 1082
A10: Special cases | B10: Mock General 1083
A11: List of tasks | B11: Mock General 1084.1
B12: Mock General 1084.2
B13: Mock General 1084.3
B14: Mock General 1084.4
A15: Version number | B15: Mock General 1085

Sheet internal val
A1: Task | B1: RF Internal Validation
A2: Objective | B2: Mock General 1086
A3: Input | B3: Mock General 1087
A4: Responsible | B4: Mock General 1088
A5: Support/Attendees | B5: Mock General 1089
A6: How to do | B6: Mock General 1090
A7: Assessment | B7: Mock General 1091
A8: Output | B8: Mock General 1092
A9: Signatures | B9: Mock General 1093
A10: Special cases | B10: Mock General 1094
A11: Version number | B11: Mock General 1095

Sheet radar val
A1: Task | B1: Radar supplier validation
A2: Objective | B2: Mock General 1096
A3: Input | B3: Mock General 1097
A4: Responsible | B4: Mock General 1098
A5: Support/Attendees | B5: Mock General 1099
A6: How to do | B6: Mock General 1100
A7: Assessment | B7: Mock General 1101
A8: Output | B8: Mock General 1102
A9: Signatures | B9: Mock General 1103
A10: Special cases | B10: Mock General 1104
A11: Version number | B11: Mock General 1105

Sheet EOL val
A1: Task | B1: RF EOL equipment validation
A2: Objective | B2: Mock General 1106
A3: Input | B3: Mock General 1107
A4: Responsible | B4: Mock General 1108
A5: Support/Attendees | B5: Mock General 1109
A6: How to do | B6: Mock General 1110
A7: Assessment | B7: Mock General 1111
A8: Output | B8: Mock General 1112
A9: Signatures | B9: Mock General 1113
A10: Special cases | B10: Mock General 1114
A11: Version number | B11: Mock General 1115

Sheet WP 4.4 Heat val 
A1: WP 4.4. | B1: Heating Validation
A2: Objective | B2: Mock General 1116
A3: Input | B3: Mock General 1117
A4: Responsible | B4: Mock General 1118
A5: Support/Attendees | B5: Mock General 1119
A6: How to do | B6: Mock General 1120
A7: Assessment | B7: Mock General 1121
A8: Output | B8: Mock General 1122
A9: Signatures | B9: Mock General 1123
A10: Special cases | B10: Mock General 1124
A11: List of tasks | B11: Mock General 1125.1
B12: Mock General 1125.2
B13: Mock General 1125.3

Sheet heat internal val  
A1: Task | B1: Heating Validation
A2: Objective | B2: Mock General 1126
A3: Input | B3: Mock General 1127
A4: Responsible | B4: Mock General 1128
A5: Support/Attendees | B5: Mock General 1129
A6: How to do | B6: Mock General 1130
A7: Assessment | B7: Mock General 1131
A8: Output | B8: Mock General 1132
A9: Signatures | B9: Mock General 1133
A10: Special cases | B10: Mock General 1134
A11: Version number | B11: Mock General 1135

Sheet EOL heat val
A1: Task | B1: Heating EOL equipment validation
A2: Objective | B2: Mock General 1136
A3: Input | B3: Mock General 1137
A4: Responsible | B4: Mock General 1138
A5: Support/Attendees | B5: Mock General 1139
A6: How to do | B6: Mock General 1140
A7: Assessment | B7: Mock General 1141
A8: Output | B8: Mock General 1142
A9: Signatures | B9: Mock General 1143
A10: Special cases | B10: Mock General 1144
A11: Version number | B11: Mock General 1145

Sheet Ill Val
A1: WP 4.5. | B1: Illumination Validation
A2: Objective | B2: Mock General 1146
A3: Input | B3: Mock General 1147
A4: Responsible | B4: Mock General 1148
A5: Support/Attendees | B5: Mock General 1149
A6: How to do | B6: Mock General 1150
A7: Assessment | B7: Mock General 1151
A8: Output | B8: Mock General 1152
A9: Signatures | B9: Mock General 1153
A10: Special cases | B10: Mock General 1154
A11: List of tasks | B11: Mock General 1155.1
B12: Mock General 1155.2
B13: Mock General 1155.3
B14: Mock General 1155.4
A15: Version number | B15: Mock General 1156

Sheet ill radar val
A1: Task | B1: Illumination validation
A2: Objective | B2: Mock General 1157
A3: Input | B3: Mock General 1158
A4: Responsible | B4: Mock General 1159
A5: Support/Attendees | B5: Mock General 1160
A6: How to do | B6: Mock General 1161
A7: Assessment | B7: Mock General 1162
A8: Output | B8: Mock General 1163
A9: Signatures | B9: Mock General 1164
A10: Special cases | B10: Mock General 1165
A11: Version number | B11: Mock General 1166

Sheet Ill EOL val
A1: Task | B1: Illumination EOL equipment validation
A2: Objective | B2: Mock General 1167
A3: Input | B3: Mock General 1168
A4: Responsible | B4: Mock General 1169
A5: Support/Attendees | B5: Mock General 1170
A6: How to do | B6: Mock General 1171
A7: Assessment | B7: Mock General 1172
A8: Output | B8: Mock General 1173
A9: Signatures | B9: Mock General 1174
A10: Special cases | B10: Mock General 1175
A11: Version number | B11: Mock General 1176

Sheet ph4 m4. MASS COND
A1: M4 | B1: Mass production agreement
A2: ='Instr. template'!A2 -> Objective | B2: Mock General 1177
A3: ='Instr. template'!A3 -> Input | B3: Mock General 1178
A4: ='Instr. template'!A4 -> Responsible | B4: Mock General 1179
A5: ='Instr. template'!A5 -> Support/Attendees | B5: Mock General 1180
A6: ='Instr. template'!A6 -> How to do | B6: Mock General 1181
A7: ='Instr. template'!A7 -> Assessment | B7: Mock General 1182
A8: ='Instr. template'!A8 -> Output | B8: Mock General 1183
A9: ='Instr. template'!A9 -> Signatures | B9: Mock General 1184
A10: ='Instr. template'!A10 -> Special cases | B10: Mock General 1185
A11: List of tasks | B11: Mock General 1186.1
B12: Mock General 1186.2
A13: ='Instr. template'!A11 -> Version number | B13: Mock General 1187

Sheet Risk mgt Ph4
A1: Task | B1: Risk management
A2: ='Instr. template'!A2 -> Objective | B2: Mock General 1188
A3: ='Instr. template'!A3 -> Input | B3: Mock General 1189
A4: ='Instr. template'!A4 -> Responsible | B4: Mock General 1190
A5: ='Instr. template'!A5 -> Support/Attendees | B5: Mock General 1191
A6: ='Instr. template'!A6 -> How to do | B6: Mock General 1192
A7: ='Instr. template'!A7 -> Assessment | B7: Mock General 1193
A8: ='Instr. template'!A8 -> Output | B8: Mock General 1194
A9: ='Instr. template'!A9 -> Signatures | B9: Mock General 1195
A10: ='Instr. template'!A10 -> Special cases | B10: Mock General 1196
A11: ='Instr. template'!A11 -> Version number | B11: Mock General 1197

Sheet P&P history Ph4
A1: Task | B1: Review update product/process history
A2: ='Instr. template'!A2 -> Objective | B2: Mock General 1198
A3: ='Instr. template'!A3 -> Input | B3: Mock General 1199
A4: ='Instr. template'!A4 -> Responsible | B4: Mock General 1200
A5: ='Instr. template'!A5 -> Support/Attendees | B5: Mock General 1201
A6: ='Instr. template'!A6 -> How to do | B6: Mock General 1202
A7: ='Instr. template'!A7 -> Assessment | B7: Mock General 1203
A8: ='Instr. template'!A8 -> Output | B8: Mock General 1204
A9: ='Instr. template'!A9 -> Signatures | B9: Mock General 1205
A10: ='Instr. template'!A10 -> Special cases | B10: Mock General 1206
A11: ='Instr. template'!A11 -> Version number | B11: Mock General 1207

Sheet WP5.1. MASS CONF
A1: WP 5.1. | B1: Mass production long term confirmation
A2: ='Instr. template'!A2 -> Objective | B2: Mock General 1208
A3: ='Instr. template'!A3 -> Input | B3: Mock General 1209
A4: ='Instr. template'!A4 -> Responsible | B4: Mock General 1210
A5: ='Instr. template'!A5 -> Support/Attendees | B5: Mock General 1211
A6: ='Instr. template'!A6 -> How to do | B6: Mock General 1212
A7: ='Instr. template'!A7 -> Assessment | B7: Mock General 1213
A8: ='Instr. template'!A8 -> Output | B8: Mock General 1214
A9: ='Instr. template'!A9 -> Signatures | B9: Mock General 1215
A10: ='Instr. template'!A10 -> Special cases | B10: Mock General 1216
A11: List of tasks | B11: Mock General 1217.1
B12: Mock General 1217.2
A13: Version number | B13: Mock General 1218

Sheet Purch F-UP
A1: Task | B1: Components' Follow-up initial mass production
A2: ='Instr. template'!A2 -> Objective | B2: Mock General 1219
A3: ='Instr. template'!A3 -> Input | B3: Mock General 1220
A4: ='Instr. template'!A4 -> Responsible | B4: Mock General 1221
A5: ='Instr. template'!A5 -> Support/Attendees | B5: Mock General 1222
A6: ='Instr. template'!A6 -> How to do | B6: Mock General 1223
A7: ='Instr. template'!A7 -> Assessment | B7: Mock General 1224
A8: ='Instr. template'!A8 -> Output | B8: Mock General 1225
A9: ='Instr. template'!A9 -> Signatures | B9: Mock General 1226
A10: ='Instr. template'!A10 -> Special cases | B10: Mock General 1227
A11: ='Instr. template'!A11 -> Version number | B11: Mock General 1228

Sheet LTKPI
A1: Task | B1: Long term KPI and incidents review
A2: ='Instr. template'!A2 -> Objective | B2: Mock General 1229
A3: ='Instr. template'!A3 -> Input | B3: Mock General 1230
A4: ='Instr. template'!A4 -> Responsible | B4: Mock General 1231
A5: ='Instr. template'!A5 -> Support/Attendees | B5: Mock General 1232
A6: ='Instr. template'!A6 -> How to do | B6: Mock General 1233
A7: ='Instr. template'!A7 -> Assessment | B7: Mock General 1234
A8: ='Instr. template'!A8 -> Output | B8: Mock General 1235
A9: ='Instr. template'!A9 -> Signatures | B9: Mock General 1236
A10: ='Instr. template'!A10 -> Special cases | B10: Mock General 1237
A11: ='Instr. template'!A11 -> Version number | B11: Mock General 1238

Sheet ph5 m5. PRO CLO
A1: M5 | B1: Project evaluation and closing
A2: ='Instr. template'!A2 -> Objective | B2: Mock General 1239
A3: ='Instr. template'!A3 -> Input | B3: Mock General 1240
A4: ='Instr. template'!A4 -> Responsible | B4: Mock General 1241
A5: ='Instr. template'!A5 -> Support/Attendees | B5: Mock General 1242
A6: ='Instr. template'!A6 -> How to do | B6: Mock General 1243
A7: ='Instr. template'!A7 -> Assessment | B7: Mock General 1244
A8: ='Instr. template'!A8 -> Output | B8: Mock General 1245
A9: ='Instr. template'!A9 -> Signatures | B9: Mock General 1246
A10: ='Instr. template'!A10 -> Special cases | B10: Mock General 1247
A11: List of tasks | B11: Mock General 1248.1
B12: Mock General 1248.2
B13: Mock General 1248.3
B14: Mock General 1248.4
B15: Mock General 1248.5
B16: Mock General 1248.6
A17: Version number | B17: Mock General 1249

Sheet Risk mgt Ph5
A1: Task | B1: Risk management
A2: ='Instr. template'!A2 -> Objective | B2: Mock General 1250
A3: ='Instr. template'!A3 -> Input | B3: Mock General 1251
A4: ='Instr. template'!A4 -> Responsible | B4: Mock General 1252
A5: ='Instr. template'!A5 -> Support/Attendees | B5: Mock General 1253
A6: ='Instr. template'!A6 -> How to do | B6: Mock General 1254
A7: ='Instr. template'!A7 -> Assessment | B7: Mock General 1255
A8: ='Instr. template'!A8 -> Output | B8: Mock General 1256
A9: ='Instr. template'!A9 -> Signatures | B9: Mock General 1257
A10: ='Instr. template'!A10 -> Special cases | B10: Mock General 1258
A11: ='Instr. template'!A11 -> Version number | B11: Mock General 1259

Sheet P&P history Ph5
A1: Task | B1: Review update product/process history
A2: ='Instr. template'!A2 -> Objective | B2: Mock General 1260
A3: ='Instr. template'!A3 -> Input | B3: Mock General 1261
A4: ='Instr. template'!A4 -> Responsible | B4: Mock General 1262
A5: ='Instr. template'!A5 -> Support/Attendees | B5: Mock General 1263
A6: ='Instr. template'!A6 -> How to do | B6: Mock General 1264
A7: ='Instr. template'!A7 -> Assessment | B7: Mock General 1265
A8: ='Instr. template'!A8 -> Output | B8: Mock General 1266
A9: ='Instr. template'!A9 -> Signatures | B9: Mock General 1267
A10: ='Instr. template'!A10 -> Special cases | B10: Mock General 1268
A11: ='Instr. template'!A11 -> Version number | B11: Mock General 1269

Sheet LLC Ph5
A1: Task | B1: Update and file LLC
A2: ='Instr. template'!A2 -> Objective | B2: Mock General 1270
A3: ='Instr. template'!A3 -> Input | B3: Mock General 1271
A4: ='Instr. template'!A4 -> Responsible | B4: Mock General 1272
A5: ='Instr. template'!A5 -> Support/Attendees | B5: Mock General 1273
A6: ='Instr. template'!A6 -> How to do | B6: Mock General 1274
A7: ='Instr. template'!A7 -> Assessment | B7: Mock General 1275
A8: ='Instr. template'!A8 -> Output | B8: Mock General 1276
A9: ='Instr. template'!A9 -> Signatures | B9: Mock General 1277
A10: ='Instr. template'!A10 -> Special cases | B10: Mock General 1278
A11: ='Instr. template'!A11 -> Version number | B11: Mock General 1279

Sheet Project Invoicing
A1: Task | B1: Invoice project
A2: ='Instr. template'!A2 -> Objective | B2: Mock General 1280
A3: ='Instr. template'!A3 -> Input | B3: Mock General 1281
A4: ='Instr. template'!A4 -> Responsible | B4: Mock General 1282
A5: ='Instr. template'!A5 -> Support/Attendees | B5: Mock General 1283
A6: ='Instr. template'!A6 -> How to do | B6: Mock General 1284
A7: ='Instr. template'!A7 -> Assessment | B7: Mock General 1285
A8: ='Instr. template'!A8 -> Output | B8: Mock General 1286
A9: ='Instr. template'!A9 -> Signatures | B9: Mock General 1287
A10: ='Instr. template'!A10 -> Special cases | B10: Mock General 1288
A11: ='Instr. template'!A11 -> Version number | B11: Mock General 1289

Sheet PDM
A1: Task | B1: File out project
A2: ='Instr. template'!A2 -> Objective | B2: Mock General 1290
A3: ='Instr. template'!A3 -> Input | B3: Mock General 1291
A4: ='Instr. template'!A4 -> Responsible | B4: Mock General 1292
A5: ='Instr. template'!A5 -> Support/Attendees | B5: Mock General 1293
A6: ='Instr. template'!A6 -> How to do | B6: Mock General 1294
A7: ='Instr. template'!A7 -> Assessment | B7: Mock General 1295
A8: ='Instr. template'!A8 -> Output | B8: Mock General 1296
A9: ='Instr. template'!A9 -> Signatures | B9: Mock General 1297
A10: ='Instr. template'!A10 -> Special cases | B10: Mock General 1298
A11: ='Instr. template'!A11 -> Version number | B11: Mock General 1299

Sheet Proj Evaluation
A1: Task | B1: Evaluate and close project
A2: ='Instr. template'!A2 -> Objective | B2: Mock General 1300
A3: ='Instr. template'!A3 -> Input | B3: Mock General 1301
A4: ='Instr. template'!A4 -> Responsible | B4: Mock General 1302
A5: ='Instr. template'!A5 -> Support/Attendees | B5: Mock General 1303
A6: ='Instr. template'!A6 -> How to do | B6: Mock General 1304
A7: ='Instr. template'!A7 -> Assessment | B7: Mock General 1305
A8: ='Instr. template'!A8 -> Output | B8: Mock General 1306
A9: ='Instr. template'!A9 -> Signatures | B9: Mock General 1307
A10: ='Instr. template'!A10 -> Special cases | B10: Mock General 1308
A11: ='Instr. template'!A11 -> Version number | B11: Mock General 1309
